Commune;Code_Com;Adresse;ID2;X_CC43;Y_CC43;X_WGS84;Y_WGS84
TOULOUSE;31555;CHEMIN DE LA SALADE PONSAN, FACE A LA RUE CAUBERE;448;1575033,485;2264087,878;1,45300697;43,56653994
TOULOUSE;31555;CHEMIN DES MARAICHERS, FACE A LA FAC DE PHARMACIE;453;1575968,134;2264147,274;1,46456121;43,56722880
TOULOUSE;31555;AVENUE DE RANGUEIL, PRES DU TRIPODE B, DANS LE ROND-PONIT;452;1576179,873;2264168,917;1,46717694;43,56745837
TOULOUSE;31555;FAC PAUL SABATIER, A COTE DU FRONTON ET DU GYMNASE;464;1576348,793;2263731,369;1,46936629;43,56354841
TOULOUSE;31555;CHEMIN DE LA PELUDE, ANGLE CHEMIN GIRAUDOUX;450;1575818,539;2264587,516;1,46261001;43,57116609
TOULOUSE;31555;DEVANT LE 75 ROUTE DE NARBONNE;449;1575310,819;2264350,846;1,45637957;43,56895240
TOULOUSE;31555;ANGLE DE LA ROUTE DE NARBONNE, AVENUE DU PROFESSEUR JOSEPH DUCUING;454;1575632,345;2263698,533;1,46050706;43,56313507
TOULOUSE;31555;9 BIS RUE MANSENCAL;537;1577276,728;2266269,788;1,48028199;43,58654432
TOULOUSE;31555;CHEMIN D'AUZEVILLE, FACE A L'ARRET DE BUS ESTEREL;460;1575205,507;2261606,992;1,45570049;43,54424185
TOULOUSE;31555;ANGLE CHEMIN ET RUE DE FONDEVILLE;459;1575345,698;2262176,982;1,45730542;43,54939464
TOULOUSE;31555;CHEMIN DE NARRADE, FACE A LA RUE MAURICE ALET;458;1575137,602;2262238,717;1,45471659;43,54991580
TOULOUSE;31555;CHEMIN DU VALLON, ANGLE RUE DARDAGNA;456;1575247,620;2263088,408;1,45588459;43,55758075
TOULOUSE;31555;CHEMIN DE LA SALADE PONSAN, PASSERELLE FAC DE MEDECINE;455;1575360,265;2263378,468;1,45721261;43,56020975
TOULOUSE;31555;PARKING DU STADE BARRAN, CHEMIN DES COTES DE PECH DAVID;447;1574611,062;2263582,024;1,44789455;43,56191743
TOULOUSE;31555;ENTRE LE 7 ET LE 9 RUE PONS-CAPDENIER;551;1578078,759;2265658,927;1,49034754;43,58117708
TOULOUSE;31555;ANGLE ROUTE DE NARBONNE ET CHEMIN DES CLOTASSES;461;1576229,876;2262618,346;1,46814578;43,55351230
TOULOUSE;31555;FAC PAUL SABATIER, ALLEE DU LIEUTENANT LUCIEN LAFAY, ENTREE DU L.E.P. RENEE BONNET;462;1576224,970;2262785,278;1,46804740;43,55501380
TOULOUSE;31555;FACE AU 23 AVENUE DU LAURAGAIS, CONTRE LA CORBEILLE;435;1575409,598;2265420,643;1,45735900;43,57859625
TOULOUSE;31555;CHEMIN DE LA LOGE, RESIDENCE DE L'ILE;426;1573527,004;2265317,103;1,43407854;43,57735097
TOULOUSE;31555;PARKING RUE DE GRASSE;427;1574103,277;2265569,052;1,44115413;43,57971480
TOULOUSE;31555;RUE HENRI SELLIER, FACE A LA RUE DES GOELANDS, A COTE DU SUPERMARCHE;425;1573950,594;2265299,530;1,43932604;43,57726377
TOULOUSE;31555;7 RUE DES CASERNES;424;1574276,299;2265412,640;1,44333186;43,57833608
TOULOUSE;31555;RUE SAINT ROCH ANGLE RUE DES CASERNES;423;1574480,536;2265562,062;1,44582586;43,57971481
TOULOUSE;31555;ANGLE AVENUE ALBERT BEDOUCE, RUE BONNAT;434;1575612,800;2265529,921;1,45984962;43,57961324
TOULOUSE;31555;PLACE DES AVIONS, A COTE DU BAR, CONTRE LA CABINE TELEPHONIQUE;441;1575625,243;2265229,354;1,46007186;43,57691037
TOULOUSE;31555;55 AVENUE JULES JULIEN, FACE AU CREDIT AGRICOLE;430;1574908,888;2265179,856;1,45121572;43,57634640
TOULOUSE;31555;RUE SAINT ROCH, ANGLE CHEMIN DE LA SALADE PONSAN;436;1574802,510;2264993,036;1,44994160;43,57464748
TOULOUSE;31555;RUE DE NIMES, FACE AUX GARAGES;443;1575936,368;2265222,915;1,46392461;43,57690370
TOULOUSE;31555;RUE CLAUDE DE FORBIN, ANGLE RUE BOUGAINVILLE;442;1575810,577;2264933,113;1,46243316;43,57427494
TOULOUSE;31555;AVENUE DE RANGUEIL, FACE AU PARC ET CHEMIN DU CANAL;446;1575722,272;2264717,463;1,46138900;43,57231967
TOULOUSE;31555;AVEBUE JULES JULIEN, FACE AU THEATRE;439;1575001,482;2264897,610;1,45242625;43,57382172
TOULOUSE;31555;FACE AU 45 AVENUE DE RANGUEIL, A COTE DE L'ABRI BUS;440;1575229,908;2265138,460;1,45519888;43,57602706
TOULOUSE;31555;DANS LE CAMPUS DE L'INSA;451;1576308,005;2264535,182;1,46868015;43,57077557
TOULOUSE;31555;ROUTE DE NARBONNE, ANGLE RUE DU POUSET, CONTRE LA CABINE TELEPHONIQUE;444;1575157,824;2264557,264;1,45443896;43,57078473
TOULOUSE;31555;BAS DE LA RUE DES PALMIERS, FACE A LA PHARMACIE;438;1574745,332;2264834,943;1,44926997;43,57321525
TOULOUSE;31555;DEBUT CHEMIN DES COTES DE PECH DAVID, A COTE DE LA VOIE FERREE;428;1574257,163;2265091,552;1,44316864;43,57544330
TOULOUSE;31555;CHEMIN DES COTES DE PECH DAVID, DEVANT LA RESIDENCE LES HAUTS DE TOULOUSE;437;1574464,878;2264429,395;1,44589144;43,56951893
TOULOUSE;31555;CHEMIN DE LA LOGE, CITE DANIEL FAUCHET;410;1573615,170;2265659,715;1,43509090;43,58044903
TOULOUSE;31555;PLACE ANDRE DASTE LOCAL BOULISTES;411;1574044,463;2265896,399;1,44035082;43,58265088
TOULOUSE;31555;AVENUE DE L'URSS, ANGLE RUE LEON SOULIE;419;1574701,760;2265858,910;1,44849654;43,58242305
TOULOUSE;31555;AVENUE JULES JULIEN, PROCHE I.U.F.M., FACE A L'AVENUE DU QUATORZIEME R.I.;422;1574753,872;2265650,559;1,44918929;43,58055669
TOULOUSE;31555;RUE DU MIDI, ANGLE RUE JEAN DUPLESSIS;433;1575713,768;2265815,105;1,46103483;43,58219637
TOULOUSE;31555;AVENUE DU LAURAGAIS, ANGLE RUE CAMILLE DESMOULINS;421;1575084,717;2265779,467;1,45325554;43,58177167
TOULOUSE;31555;FACE AU 37 ALLEES DES SOUPIRS;401;1575341,175;2267154,415;1,45611753;43,59418775
TOULOUSE;31555;ANGLE RUE ET BOULEVARD MONPLAISIR;402;1575485,107;2266947,026;1,45794685;43,59234518
TOULOUSE;31555;FACE AU 78 ALLEES DES DEMOISELLES;416;1575622,605;2266458,242;1,45976028;43,58796915
TOULOUSE;31555;ROND-POINT DES FRANCAIS LIBRES, FACE ALLEES FREDERIC MISTRAL, RECUP ENTERRE;403;1575083,071;2266831,779;1,45299524;43,59124151
TOULOUSE;31555;ANGLE ALLEES JULES GUESDES, RUE DES TRENTE-SIX-PONTS;404;1574727,178;2266735,919;1,44861068;43,59031977
TOULOUSE;31555;FACE AU 4 AVENUE VICTOR SEGOFFIN;415;1574878,018;2266482,141;1,45053623;43,58806099
TOULOUSE;31555;AVENUE CRAMPEL ANGLE RUE DE LA LA TANNERIE;417;1575277,774;2266192,680;1,45555144;43,58552228
TOULOUSE;31555;ANGLE AVENUE CRAMPEL, AVENUE MARCEL LANGER;418;1574849,950;2265993,347;1,45030038;43,58365751
TOULOUSE;31555;GRANDE RUE SAINT MICHEL ANGLE RUE SAINT DENIS;414;1574636,595;2266211,386;1,44760917;43,58558427
TOULOUSE;31555;RUE DES GALLOIS, A COTE DU CONSEIL REGIONAL;407;1574147,773;2266702,997;1,44144449;43,58992697
TOULOUSE;31555;RUE FRANCOIS LONGAUD, A COTE DU CONSEIL REGIONAL;408;1574039,892;2266552,722;1,44014335;43,58855657
TOULOUSE;31555;RUE DES PLATANES, A COTE DU PARC, FACE A LA RUE GERMINAL;409;1574004,491;2266343,297;1,43975321;43,58666598
TOULOUSE;31555;ANGLE RUE ACHILLE VIADIEU, BOULEVARD DES RECOLLETS;413;1574346,123;2266046,456;1,44405087;43,58405164
TOULOUSE;31555;BOULEVARD DES RECOLLETS, ANGLE RUE JEAN MOULIN;412;1574246,456;2266024,289;1,44282208;43,58383553
TOULOUSE;31555;BOULEVARD DES MINIMES, ANGLE AVENUE COLLIGNON;116;1574430,039;2269552,622;1,44428585;43,61561858
TOULOUSE;31555;ANGLE RUE DE TUNIS, RUE NEGRENEYS;120;1574196,306;2270050,633;1,44127627;43,62006129
TOULOUSE;31555;BOULEVARD PIERRE ET MARIE CURIE, IMPASSE PIERRE ET MARIE CURIE;126;1574189,902;2270646,249;1,44106001;43,62542029
TOULOUSE;31555;BOULEVARD DES MINIMES, FACE A LA RUE NEGRENEYS;115;1574124,821;2269588,863;1,44049697;43,61589379
TOULOUSE;31555;BOULEVARD DES MINIMES, FACE A SPEEDY;117;1574925,710;2269415,628;1,45045673;43,61446819
TOULOUSE;31555;RUE PIERRE CAZENEUVE, FACE AU CHEMIN LINIERES;118;1574610,543;2269969,789;1,44642608;43,61940282
TOULOUSE;31555;AVENUE DES MAZADES ENTRE LE 18 ET 19;125;1573858,945;2270574,592;1,43697652;43,62472009
TOULOUSE;31555;BOULEVARD PIERRE ET MARIE CURIE ENTRE LE 17 ET 17 BIS;124;1574507,900;2270445,110;1,44504562;43,62366324
TOULOUSE;31555;AVENUE DES ETATS UNIS, RUE DE LA LOUISIANE;137;1573375,090;2271711,811;1,43071924;43,63487292
TOULOUSE;31555;FACE AU 188 AVENUE DE FRONTON, SORTIE MARCHE GARE;140;1573605,838;2272106,077;1,43348715;43,63845973
TOULOUSE;31555;RUE ARTHUR RIMBAUD, ANGLE RUE PAUL VERLAINE;135;1573779,375;2271502,586;1,43577670;43,63305793
TOULOUSE;31555;AVENUE DE  FRONTON, DEVANT LE FOYER SONOCOTRA;136;1573580,475;2271741,676;1,43325711;43,63517617
TOULOUSE;31555;FACE AU 45 RUE DE FENOUILLET;133;1573180,715;2271004,154;1,42847492;43,62847191
TOULOUSE;31555;IMPASSE DES HORTENSIAS;134;1573986,223;2271290,543;1,43838837;43,63118435
TOULOUSE;31555;ANGLE RUE FILHOL, RUE DU GENERAL BOURBAKI;106;1573436,476;2270508,870;1,43175809;43,62405778
TOULOUSE;31555;BOULEVARD DE LA MARQUETTE, ANGLE RUE BROUARDEL;105;1572829,029;2269134,126;1,42455241;43,61158391
TOULOUSE;31555;RUE DE MONTMORENCY;103;1573140,058;2269298,970;1,42836647;43,61311981
TOULOUSE;31555;BOULEVARD DE SUISSE;111;1572617,199;2269647,477;1,42180934;43,61616787
TOULOUSE;31555;RUE DE LA TOUR, ANGLE RUE ALFRED DE MUSSET;123;1573410,042;2270142,038;1,43151548;43,62075216
TOULOUSE;31555;RUE DU GENERAL BOURBAKI, PLACE DU MARCHE AU COCHON;121;1573673,866;2270055,039;1,43480365;43,62001352
TOULOUSE;31555;RUE DU GENERAL BOURBAKI, PLACE DU MARCHE AU COCHON;122;1573672,919;2270059,064;1,43479099;43,62004958
TOULOUSE;31555;AVENUE DES MINIMES, FACE A LA POSTE;131;1573635,385;2270698,319;1,43417843;43,62579605
TOULOUSE;31555;ENTRE LE 120 ET LE 122 ALLEES DE BARCELONE;104;1572690,852;2268904,680;1,42289437;43,60949575
TOULOUSE;31555;FACE AU 9 BOULEVARD DE LA MARQUETTE;102;1573295,265;2269277,104;1,43029391;43,61294915
TOULOUSE;31555;ANGLE RUE DU CANON D'ARCOLE, RUE LAPLACE;101;1573710,474;2269308,214;1,43542943;43,61329883
TOULOUSE;31555;BOULEVARD DE SUISSE, STATION TOTAL;112;1572560,328;2269580,981;1,42112039;43,61555984
TOULOUSE;31555;RUE DE MONTMORENCY, ECOLE MATERNELLE;107;1573009,788;2269396,412;1,42673037;43,61397476
TOULOUSE;31555;CHEMIN DU SANG DE SERP, ROND-POINT AVENUE JEAN DAGNAUX;109;1573142,432;2269629,318;1,42831932;43,61609307
TOULOUSE;31555;FACE AU 22 CHEMIN HENRI BESSEMER;110;1572787,520;2269694,503;1,42390808;43,61661985
TOULOUSE;31555;FACE AU 45 RUE DE CHAUSSAS;113;1573289,672;2269852,676;1,43009140;43,61812790
TOULOUSE;31555;RUE DU GENERAL HOCHE (CITE);128;1573197,953;2270348,647;1,42884038;43,62257580
TOULOUSE;31555;ANGLE RUE ADRIEN LEGENDRE, CHEMIN DU PRAT LONG;129;1572910,278;2270424,291;1,42525916;43,62320805
TOULOUSE;31555;ANGLE RUE JULES VERNES, RUE AUGUSTE RATEAU;132;1573057,745;2270676,142;1,42702754;43,62549936
TOULOUSE;31555;AVENUE DES MINIMES, A COTE DE LA SUPERETTE CASINO;114;1573823,466;2269871,105;1,43669919;43,61838333
TOULOUSE;31555;IMPASSE DES ETATS UNIS;141;1573109,266;2272989,864;1,42712909;43,64632951
TOULOUSE;31555;AVENUE DES ETATS UNIS, ANGLE RUE DULONG;139;1573383,675;2271811,083;1,43080262;43,63576772
TOULOUSE;31555;AVENUE DES MINIMES, ENTREE DU LIDL;127;1573637,144;2270426,414;1,43426302;43,62334943
TOULOUSE;31555;ANGLE RUE DE CHAUSSAS, RUE PARMENTIER;108;1573471,006;2269551,234;1,43240724;43,61544564
TOULOUSE;31555;AVENUE DE FRONTON, PARKING DE L'INTERMARCHE;138;1573609,440;2271860,524;1,43358853;43,63625057
TOULOUSE;31555;BOULEVARD SILVIO TRENTIN, RUE DU GENERAL BOURBAKI;130;1573388,940;2270662,066;1,43113376;43,62542843
TOULOUSE;31555;AVENUE DE RANGUEIL, AVENUE D ITALIE;431;1575142,732;2265265,569;1,45409081;43,57715653
TOULOUSE;31555;DEPOT RELAIS DU GRAND RAMIER;405;1573916,509;2266713,904;1,43857866;43,58998647
TOULOUSE;31555;FACE AU 140 AVENUE DE LA GLOIRE;331;1576520,104;2268600,541;1,47038910;43,60739598
TOULOUSE;31555;AVENUE JEAN CHAUBET FACE RUE LOUIS PLANA;506;1577491,674;2268449,781;1,48245555;43,60619783
TOULOUSE;31555;ANGLE PLACE PINEL PROCHE RUE DE LA PROVIDENCE;502;1576159,966;2268009,439;1,46606255;43,60201737
TOULOUSE;31555;PORT SAINT ETTIENNE RUE DU PONT GUILHEMERY;513;1575387,896;2267880,597;1,45653082;43,60073061
TOULOUSE;31555;FACE AU 178 AVENUE DE CASTRES;520;1577611,623;2267361,162;1,48418437;43,59642047
TOULOUSE;31555;RUE DE LA FEUILLERAIE ANGLE RUE DE CASTRES;510;1576783,189;2267884,004;1,47380858;43,60099070
TOULOUSE;31555;rue francois galabert angle jean dutil;509;1577202,723;2268016,478;1,47897418;43,60225137
TOULOUSE;31555;chemin du château de l'hers face a la rue de carcassonne;518;1577630,043;2267758,408;1,48432369;43,59999841
TOULOUSE;31555;rue claudius rougenet face à l'entrée de la station service champion;519;1577843,176;2267713,247;1,48697307;43,59962657
TOULOUSE;31555;avenue de castres au 28;511;1576496,332;2267856,934;1,47026240;43,60070013
TOULOUSE;31555;avenue de castres angle avenue de lasbordes;531;1577950,734;2267161,908;1,48842784;43,59468230
TOULOUSE;31555;rue sainte claire en face du pic du lanoux;530;1577524,260;2267029,548;1,48317673;43,59342195
TOULOUSE;31555;chemin duroux angle ruez raymond Naves;521;1577081,629;2267391,240;1,47761491;43,59660489
TOULOUSE;31555;angle rue de la camargue et cambigue;522;1576607,690;2267171,996;1,47179570;43,59455438
TOULOUSE;31555;91 AVENUE RAYMOND NAVES;516;1576640,063;2267642,648;1,47209055;43,59879524
TOULOUSE;31555;rue lucien cassagne angle rue perignon;512;1575891,436;2267776,980;1,46278985;43,59988122
TOULOUSE;31555;avenue jean rieux angle rue du chant du merle et rue larousse;514;1575583,436;2267501,579;1,45903836;43,59735202
TOULOUSE;31555;boulevard griffoul dorval a cote de la passerelle;515;1575416,920;2267159,896;1,45705417;43,59424960
TOULOUSE;31555;rue louis vittet angle rue thillet;524;1575666,500;2266931,697;1,46019628;43,59223717
TOULOUSE;31555;place armand leygue;523;1576020,757;2267046,279;1,46455666;43,59332670
TOULOUSE;31555;boulevard deltour n°4;528;1576478,183;2266832,328;1,47026872;43,59147638
TOULOUSE;31555;impasse de la terrasse;529;1576991,272;2266918,414;1,47660224;43,59233502
TOULOUSE;31555;rue de martini angle rue lurcat et firmis;540;1577955,386;2266281,819;1,48868151;43,58676279
TOULOUSE;31555;parking du bois de limayrac;539;1577817,377;2266552,835;1,48691243;43,58917941
TOULOUSE;31555;rue du mont aigoual proche impasse du tarbezou;538;1577374,192;2266304,228;1,48148094;43,58687012
TOULOUSE;31555;place roger arnaud;526;1575899,122;2266356,789;1,46320677;43,58710172
TOULOUSE;31555;place roger arnaud;525;1575898,631;2266353,184;1,46320151;43,58706920
TOULOUSE;31555;AVENUE JEAN RIEUX (Face Avenue de Courèges);532;1576768,586;2266361,371;1,47397030;43,58728561
TOULOUSE;31555;rue edouard lartet angle rue jean rieux;542;1577092,775;2266012,494;1,47806226;43,58419886
TOULOUSE;31555;impasse Trutat / rue le dormeur;541;1577707,644;2266007,834;1,48567545;43,58425693
TOULOUSE;31555;rue raymond corraze face au n°29;550;1577803,409;2265713,059;1,48692677;43,58161965
TOULOUSE;31555;place de l'ormeau;549;1577514,242;2265472,703;1,48340072;43,57940966
TOULOUSE;31555;avenue du petit prince face au 3;536;1576425,765;2265912,565;1,46982715;43,58319051
TOULOUSE;31555;avenue saint exupery;533;1576374,249;2266036,808;1,46916136;43,58430017
TOULOUSE;31555;avenue de lespinet angle impasse de lespinet;535;1575978,504;2265839,429;1,46430667;43,58245888
TOULOUSE;31555;rue j. strauss angle chemin de la butte;544;1576471,285;2265674,978;1,47044424;43,58105983
TOULOUSE;31555;chemin de la butte angle avenue saint exupery;543;1576912,462;2265705,103;1,47589901;43,58140310
TOULOUSE;31555; chemin de la butte angle avenue des Herbettes;546;1576669,524;2265496,949;1,47293840;43,57949013
TOULOUSE;31555;Avenue Breguet au 55;548;1577157,078;2265217,688;1,47903650;43,57705656
TOULOUSE;31555;rue emile lecrivain parc allalouf;552;1577638,344;2265029,938;1,48503585;43,57544519
TOULOUSE;31555;rue edouard belin fin avenue de lespinet;553;1576729,110;2264877,976;1,47381524;43,57392949
TOULOUSE;31555;rue gonin angle rue bossoutrot;554;1577519,536;2264853,899;1,48360455;43,57384164
TOULOUSE;31555;rue d'armentieres angle route de revel;555;1578133,190;2264835,973;1,49120436;43,57377976
TOULOUSE;31555;chemin de ribaute (pres du pont mancaissonne, en bas de la ste adim);556;1578932,019;2264863,502;1,50108624;43,57415621
TOULOUSE;31555;Route de labege entree du jardiland;568;1578738,117;2264413,789;1,49878557;43,57007787
TOULOUSE;31555;SUPAERO Resto école;557;1576676,003;2264051,242;1,47334387;43,56648068
TOULOUSE;31555;Rue des magnolias angle rue des cyclamens;517;1577226,299;2267850,285;1,47930341;43,60075957
TOULOUSE;31555;rue andre villet n°1 sur le parking;565;1578141,635;2263746,699;1,49155103;43,56397824
TOULOUSE;31555;rue de Venasque face rue Vachet;547;1577107,306;2265455,057;1,47836717;43,57918463
TOULOUSE;31555;rue des cosmonautes déchetterie;567;1578438,145;2263707,343;1,49522937;43,56367192
TOULOUSE;31555;rue des cosmonautes déchetterie;566;1578433,673;2263708,953;1,49517367;43,56368569
TOULOUSE;31555;avenue de lespinet face au stade;545;1576230,382;2265382,223;1,46752811;43,57838570
TOULOUSE;31555;avenue didier Daurat / le cristal;559;1577330,997;2264239,855;1,48140821;43,56828494
TOULOUSE;31555;avenue E Belin Supaéro ( privé);558;1576567,142;2264374,584;1,47192375;43,56937276
TOULOUSE;31555;2 AVENUE CAMILLE PUJOL;501;1575539,778;2267977,575;1,45838959;43,60162844
TOULOUSE;31555;Rue Monié angle Avenue J Chaubet;505;1576733,023;2268206,971;1,47311466;43,60388899
TOULOUSE;31555;rue du midi au 15;420;1575348,717;2265991,957;1,45647541;43,58372765
TOULOUSE;31555;Rue des cedres angle rue des Cormiers;445;1575396,256;2264667,831;1,45736498;43,57181920
TOULOUSE;31555;Université Paul Sabatier Bat 4 R 3 (Privé);463;1576543,581;2263344,668;1,47186403;43,56010023
TOULOUSE;31555;RUE PAUL BERNIES;231;1572039,598;2269109,040;1,41478079;43,61122450
TOULOUSE;31555;PL BETEILLE;201;1575308,948;2269953,843;1,45508098;43,61937524
TOULOUSE;31555;RTE DE BLAGNAC Cité Madrid;230;1571767,175;2269426,903;1,41133226;43,61403869
TOULOUSE;31555;FACE AU 23 RUE MAURICE MELAT;215;1575013,282;2271935,953;1,45096573;43,63716364
TOULOUSE;31555;PL BILA RTE D ALBI;203;1575629,732;2270756,123;1,45887225;43,62664817
TOULOUSE;31555;CHE RAYNAL RUE de l'Alier;207;1575299,274;2271302,797;1,45465374;43,63151316
TOULOUSE;31555;ALL DES FOULQUES La Dune;225;1572693,195;2273530,608;1,42184701;43,65112548
TOULOUSE;31555;RTE D ALBI Prés Lycée Raymond NAVES Mairie annexe;211;1576131,158;2271987,657;1,46480542;43,63781362
TOULOUSE;31555;CH. DE TURLU;222;1573932,655;2274227,988;1,43704753;43,65760980
TOULOUSE;31555;BD NETWILLER;213;1575915,756;2272566,252;1,46200512;43,64298505
TOULOUSE;31555;CHE LAPUJADE rue Maltens;200;1575107,923;2269723,646;1,45264337;43,61727034
TOULOUSE;31555;RUE HENRI EBELOT RUE DU GAL GIRAUD;212;1575771,531;2272340,078;1,46026926;43,64092588
TOULOUSE;31555;RTE DE BLAGNAC N°116 Prés CHE DE GARRIC;229;1571500,590;2269834,097;1,40793476;43,61765767
TOULOUSE;31555;Avenue de Fronton PLACE PAUL RICHE;220;1573580,946;2273147,436;1,43293800;43,64782685
TOULOUSE;31555;Boulevard  LECLERC ANGLE ALLEE DE BARCELONE;235;1573308,418;2268562,342;1,43062222;43,60651906
TOULOUSE;31555;Chemin Garric;227;1571545,736;2270451,899;1,40834897;43,62322505
TOULOUSE;31555;Chemin des sept deniers rue des troenes;228;1571811,422;2270182,929;1,41170324;43,62084981
TOULOUSE;31555;rue du pole chemin de la glaciere;226;1572507,783;2272887,263;1,41969909;43,64530461
TOULOUSE;31555;rue des Amidonniers pres du restaurant;232;1572151,026;2268815,616;1,41622940;43,60860284
TOULOUSE;31555;allees de brienne angle debat ponsan;233;1572921,695;2268702,511;1,42580031;43,60771535
TOULOUSE;31555;avenue de l'ancien velodrome;234;1573114,116;2268359,776;1,42826283;43,60466344
TOULOUSE;31555;rue du docteur Bouvier;202;1575498,128;2270177,359;1,45737354;43,62141800
TOULOUSE;31555;Place de l'armée d'Afrique;205;1575317,934;2270611,456;1,45504246;43,62529473
TOULOUSE;31555;rue Louin angle chemin Daubigny;206;1575079,289;2270898,529;1,45202051;43,62783862
TOULOUSE;31555;place de la Cabarette;208;1575901,376;2271634,458;1,46203834;43,63459729
TOULOUSE;31555;rue Paul Valery;210;1574769,589;2271697,571;1,44800077;43,63497792
TOULOUSE;31555;rue Ernest Renan rue Christine de Pisan;209;1574437,750;2271265,326;1,44398838;43,63103283
TOULOUSE;31555;chemin d'Audibert rue Claude Bernard;214;1574256,847;2271909,259;1,44159907;43,63679751
TOULOUSE;31555;rue des bouquetins angle chemin des izards;216;1574507,921;2272270,034;1,44462728;43,64008605
TOULOUSE;31555;Chemin du Seminaire  impasse du seminaire;218;1573616,397;2272454,210;1,43353755;43,64159439
TOULOUSE;31555;route de Launaguet angle rue Sarah bernhardt;221;1573998,552;2273559,612;1,43801837;43,65160606
TOULOUSE;31555;Avranches rue  Albi Route;302;1575964,035;2271336,146;1,46288234;43,63192304
TOULOUSE;31555;Amouroux chemin;304;1576116,152;2271003,859;1,46484227;43,62895775
TOULOUSE;31555;Archives rue reservoir;308;1575816,932;2270435,780;1,46126412;43,62379621
TOULOUSE;31555;Paquerettes rue  Lavaur route;309;1576042,027;2270267,146;1,46409082;43,62231570
TOULOUSE;31555;Brunaud avenue Baillaud rue;316;1576121,446;2269689,296;1,46520543;43,61712855
TOULOUSE;31555;Redoutes rue;319;1575771,684;2269443,184;1,46092888;43,61485614
TOULOUSE;31555;AVENUE GUILLAUMET N°10;326;1576180,340;2269201,732;1,46604523;43,61275051
TOULOUSE;31555;soupetard rue impasse  parking;330;1576564,727;2268819,239;1,47089243;43,60937142
TOULOUSE;31555;Soupetard rue juncasse cité;329;1576940,494;2269073,169;1,47548931;43,61171808
TOULOUSE;31555;Soumet rue prés Chaubet avenue;334;1577099,258;2268406,625;1,47760533;43,60574556
TOULOUSE;31555;Avenue d'Atlanta devant le n)2;300;1576488,595;2272279,468;1,46916852;43,64049839
TOULOUSE;31555;Nicol chemin  vasseur rue;303;1576516,812;2271483,462;1,46969786;43,63333960
TOULOUSE;31555;Ciotat place Amouroux cité;305;1576466,424;2271008,200;1,46918087;43,62905434
TOULOUSE;31555;Cambard rue;307;1576866,954;2270953,393;1,47415544;43,62862671
TOULOUSE;31555;Roubichou rue;306;1576211,141;2270752,113;1,46607606;43,62670785
TOULOUSE;31555;Bet place rosine;310;1576310,388;2270391,207;1,46738719;43,62347627
TOULOUSE;31555;RUE THEODORE LENOTRE ANGLE IMPASSE;312;1576628,200;2270357,929;1,47133176;43,62322892
TOULOUSE;31555;Parc avenue au num 3;314;1576527,859;2270034,165;1,47016178;43,62029884
TOULOUSE;31555;Dubezy rue maison du rugby;313;1577112,372;2269991,584;1,47741195;43,62001121
TOULOUSE;31555;Agde route Argoulets chemin;311;1576927,950;2270527,965;1,47500682;43,62480814
TOULOUSE;31555;Mpnserby rue;315;1575934,963;2269776,692;1,46287571;43,61788437
TOULOUSE;31555;Aicard rue;317;1575419,088;2269799,554;1,45648041;43,61800498
TOULOUSE;31555;Periole rue de Cheminots  rue des;318;1575359,117;2269472,122;1,45581212;43,61504842
TOULOUSE;31555;periole rue de SNCF;322;1575379,613;2269099,576;1,45615081;43,61169917
TOULOUSE;31555;Compans rue Marengo rue;323;1575351,050;2268879,262;1,45584719;43,60971178
TOULOUSE;31555;Cimetiere avenue du Parking;324;1575669,477;2268554,044;1,45986484;43,60683767
TOULOUSE;31555;Jolimont place commerciale;320;1575842,760;2269273,487;1,46184773;43,61334071
TOULOUSE;31555;Heredia Chemin;325;1576321,851;2269146,692;1,46781040;43,61227843
TOULOUSE;31555;RUE LOUIS PLANA RUE DINETARD;328;1577007,061;2269310,735;1,47626042;43,61386688
TOULOUSE;31555;Garnier chemin Charles Mairie annexe;333;1577145,167;2268722,950;1,47810292;43,60859975
TOULOUSE;31555;Pelleport chemin;332;1576751,804;2268615,580;1,47325526;43,60756926
TOULOUSE;31555;Bonnat rue num 115;432;1575452,945;2265709,002;1,45783005;43,58119846
TOULOUSE;31555;62 Boulevard Lascrosses;236;1573018,923;2268740,186;1,42699573;43,60807079
TOULOUSE;31555;Boulevard LECLERC Angle Bld LASCROSSES;237;1573423,213;2268859,752;1,43197514;43,60921482
TOULOUSE;31555;BOULODROME IZARDS;239;1574302,132;2272179,190;1,44209815;43,63923421
TOULOUSE;31555;RUE FREDERIC CHOPIN ANGLE ROSTAND;238;1575622,139;2272693,643;1,45833766;43,64408302
TOULOUSE;31555;AVENUE DES ETATS UNIS FACE RUE ADONIS;142;1573468,496;2271419,883;1,43194407;43,63226151
TOULOUSE;31555;BD RICHARD WAGNER;601;1572458,393;2268293,723;1,42015767;43,60395831
TOULOUSE;31555;PL DU RAVELIN;605;1573110,621;2267733,411;1,42836468;43,59902604
TOULOUSE;31555;RUE DE LA REPUBLIQUE PL OLIVIER;607;1573568,482;2267664,379;1,43405031;43,59848176
TOULOUSE;31555;AV DU CHATEAU D EAU;604;1572981,768;2268017,562;1,42670319;43,60156147
TOULOUSE;31555;PL JEAN BAPTISTE BAUDIN;600;1571638,127;2268411,363;1,40997198;43,60487769
TOULOUSE;31555;BARRIERE DE BAYONNE AVENUE DE GRANDE BRETAGNE;609;1572416,457;2267636,895;1,41979136;43,59804026
TOULOUSE;31555;VOIE DU TOEC cité;611;1570968,819;2267226,963;1,40196225;43,59410473
TOULOUSE;31555;RUE DES FONTAINES RUE PAUL DECAMPS;603;1572077,358;2268070,218;1,41549116;43,60188235
TOULOUSE;31555;RUE CIMETIERE ST CYPRIEN;616;1573274,045;2266894,670;1,43058241;43,59150549
TOULOUSE;31555;RTE D ESPAGNE Les Oustalous;637;1572728,995;2265155,650;1,42423782;43,57576371
TOULOUSE;31555;RUE LAGANNE Cours DILLON;615;1573631,008;2267076,160;1,43496026;43,59319870
TOULOUSE;31555;RTE DE SAINT SIMON IMP DES ARENES;618;1572196,883;2266826,013;1,41726163;43,59070574
TOULOUSE;31555;RUE DU QUATORZE JUILLET RUE DU 11 NOVEMBRE;617;1571958,127;2267074,803;1,41424737;43,59290414
TOULOUSE;31555;RTE DE SEYSSES N°274 CHE MARTYRS DE;638;1572110,699;2264595,040;1,41671520;43,57061397
TOULOUSE;31555;PL DE LA CROIX DE PIERRE AV DE MURE;629;1573096,769;2266136,711;1,42856303;43,58465457
TOULOUSE;31555;RTE DE SAINT SIMON RUE DU PRADO;620;1571806,795;2266638,624;1,41247569;43,58895314
TOULOUSE;31555;RTE DE SAINT SIMON RUE DU QUATORZE;619;1572023,970;2266753,273;1,41513773;43,59002180
TOULOUSE;31555;RUE DE CUGNAUX CITE ROGUET;613;1573094,346;2267254,138;1,42827419;43,59471020
TOULOUSE;31555;RUE STE LUCIE;614;1573195,671;2267133,032;1,42955684;43,59363738
TOULOUSE;31555;RUE D'AUCH;621;1572595,678;2266436,365;1,42228983;43,58726671
TOULOUSE;31555;RUE VILLENEUVE;606;1573179,206;2267665,694;1,42922964;43,59842818
TOULOUSE;31555;AV ETIENNE BILLIERES Angle RUE DE GASCOGNE;608;1572998,597;2267510,890;1,42702908;43,59700464
TOULOUSE;31555;BD KOENIGS  Mac Donald BARRIERE DE LOMBEZ;612;1572354,896;2267253,014;1,41911852;43,59457521
TOULOUSE;31555;ANGLE RUE BENEZET, AVENUE DE MURET, STATION TOTAL;639;1573297,327;2266565,337;1,43094683;43,58854564
TOULOUSE;31555;BOULEVARD DEODAT DE SEVERAC FACE TOTAL;641;1572714,614;2266563,751;1,42373272;43,58843319
TOULOUSE;31555;RUE DES ARCS ST CYPRIEN FACE A L'IMPASSE;646;1572590,401;2266681,883;1,42216740;43,58947530
TOULOUSE;31555;RUE DES ARCS ST CYPRIEN ANGLE DU LIERRE;647;1573041,352;2267024,578;1,42767122;43,59263540
TOULOUSE;31555;140 AV DE LOMBEZ;642;1571600,230;2267214,097;1,40978335;43,59409679
TOULOUSE;31555;RUE ROQUEMAUREL ANGLE RUE ELLA MAILLART;643;1571633,773;2267428,353;1,41014846;43,59603065
TOULOUSE;31555;51 ROUTE D'ESPAGNE RES LES OUSTALOUS;644;1572728,841;2265151,297;1,42423691;43,57572450
TOULOUSE;31555;63 ALLEES MAURICE SARRAULT;645;1572398,749;2266976,074;1,41972602;43,59209038
TOULOUSE;31555;AVENUE DE GRANDE BRETAGNE ANGLE RUE SCOTTO;649;1572205,731;2267741,726;1,41715753;43,59894796
TOULOUSE;31555;FACE AU 32 AVENUE DE BIARRITZ;650;1571705,528;2268749,381;1,41072748;43,60793106
TOULOUSE;31555;PLACE CURVAL ANGLE RUE DE L'OURCQ;657;1572969,352;2265621,939;1,42710493;43,58000052
TOULOUSE;31555;ALL CHARLES DE FITTE ANGLE RUE DE CUGNAUX;658;1573400,975;2267366,665;1,43204490;43,59577442
TOULOUSE;31555;RUE GAMELIN ANGLE RUE DES TURES;659;1572480,966;2266509,744;1,42085254;43,58790767
TOULOUSE;31555;RUE LAGANNE FACE RUE DU PONT VIEUX;661;1573784,864;2267565,766;1,43675246;43,59763058
TOULOUSE;31555;AVENUE DE MURET ANGLE AVENUE BARBUSSE;663;1572823,217;2265748,679;1,42526650;43,58111646
TOULOUSE;31555;BD JEAN BRUNHES FACE AU N 36;664;1572475,002;2268043,781;1,42042157;43,60171184
TOULOUSE;31555;RUE DE LA SARTHE;654;1571825,054;2264589,145;1,41318110;43,57051241
TOULOUSE;31555;RUE DE LA MAYENNE RUE DU DOUBS;652;1571754,160;2264792,052;1,41225616;43,57232638
TOULOUSE;31555;RUE DE LA TOURRAINE RUE DE L'AUVERGNE;651;1571891,390;2264953,571;1,41391698;43,57380326
TOULOUSE;31555;RUE DE ROUERGUE;655;1571965,309;2265269,957;1,41475804;43,57666308
TOULOUSE;31555;ALL DE L'ILE DE FRANCE RUE DU LIMOUSIN;653;1572174,322;2265203,318;1,41736082;43,57609884
TOULOUSE;31555;RUE DE LA FAOURETTE FACE RUE PAUL LAMBERT;656;1572187,458;2265595,337;1,41743201;43,57962896
TOULOUSE;31555;RUE DU GARD;623;1571734,483;2266331,464;1,41165231;43,58617663
TOULOUSE;31555;RUE DE LA FAOURETTE;633;1572118,345;2265632,955;1,41656767;43,57995577
TOULOUSE;31555;RUE VESTREPAIN RUE HENRI DUNANT;622;1571954,126;2266314,759;1,41437548;43,58606364
TOULOUSE;31555;RUE HENRI DESBALS  RUE SAINTONGE;630;1571877,711;2265827,515;1,41354336;43,58166581
TOULOUSE;31555;CHE DE BAGATELLE PL DE LA LOIRE;627;1571559,610;2265932,468;1,40958086;43,58255618
TOULOUSE;31555;RUE VESTREPAIN RUE DUBELLAY;625;1571307,235;2266083,523;1,40642109;43,58387252
TOULOUSE;31555;RUE DU BEARN RUE DE BIGORRE;635;1571705,138;2265184,963;1,41155743;43,57585396
TOULOUSE;31555;RUE ROZES DE BROUSSE RUE PAUL LAMBE;632;1571850,866;2265485,187;1,41329109;43,57858055
TOULOUSE;31555;RUE DU LOT Point info;631;1571685,228;2265662,612;1,41119915;43,58014907
TOULOUSE;31555;RUE H DESBALS RUE DU MONT D ORE;628;1572060,044;2266153,811;1,41572435;43,58463321
TOULOUSE;31555;14 RUE DU SOLEIL LEVANT;527;1576228,844;2267361,413;1,46706197;43,59619689
TOULOUSE;31555;RUE DES AZALEES RUE LUCHET;335;1576350,849;2271936,412;1,46753919;43,63738856
TOULOUSE;31555;DEPOT RELAIS DU GRAND RAMIER;406;1573914,232;2266710,633;1,43855123;43,58995665
TOULOUSE;31555;place pinel (angle) proche de la rue de la providence;503;1576229,177;2268104,352;1,46689819;43,60288290
TOULOUSE;31555;cité universitaire de l' enac;560;1577312,413;2264089,926;1,48121176;43,56693263
TOULOUSE;31555;cité universitaire de l' enac;562;1577340,828;2263902,715;1,48160531;43,56525246
TOULOUSE;31555;BD RICHARD WAGNER;602;1572459,547;2268292,989;1,42017213;43,60395190
TOULOUSE;31555;RUE BARRIC;634;1573588,714;2267960,100;1,43423258;43,60114642
TOULOUSE;31555;CHEMIN DE COURSES;665;1571032,737;2266875,675;1,40283638;43,59095436
TOULOUSE;31555;RTE DE BAYONNE Carrefour;703;1570334,600;2268797,182;1,39373765;43,60812656
TOULOUSE;31555;RUE RENE SENTENAC EX PLACE BERTHIER;704;1569233,594;2268936,230;1,38006880;43,60918760
TOULOUSE;31555;RUE DE LISIEUX CHEMIN TEYNIER;706;1570281,333;2267726,987;1,39333146;43,59848653
TOULOUSE;31555;AV DE LARDENNE CHEMIN DU CALQUET;707;1570092,734;2267198,790;1,39112135;43,59370071
TOULOUSE;31555;AV DES ARENES ROMAINES AV DE CASSELARDIT;700;1570672,772;2269909,496;1,39766303;43,61819455
TOULOUSE;31555;CHEMIN DES CAPELLES;705;1569512,264;2267834,732;1,38378260;43,59932337
TOULOUSE;31555;IMP DE L ABBE SALVAT;723;1570850,814;2264772,575;1,40107960;43,57199690
TOULOUSE;31555;RUE ARISTIDE MAILLOL ECOLE D'ARCHITECTURE;718;1570496,200;2265613,816;1,39649163;43,57950661
TOULOUSE;31555;PL EDOUARD BOUILLIERE GEANT;724;1570253,981;2264418,488;1,39377616;43,56870789
TOULOUSE;31555;RUE DU CIMETIERE SAINT SIMON;731;1569273,230;2263116,998;1,38194799;43,55682604
TOULOUSE;31555;CHE FERRO LEBRES Intermarché;709;1568611,308;2266293,798;1,37299575;43,58529973
TOULOUSE;31555;AV DU GENERAL EISENHOWER THALES;725;1569048,619;2264026,399;1,37895141;43,56497100
TOULOUSE;31555;RUE DE LONDRES;727;1571610,530;2264463,578;1,41055531;43,56934590
TOULOUSE;31555;RUE DE GIRONIS;729;1571822,770;2263916,801;1,41331002;43,56446139
TOULOUSE;31555;RTE DE SEYSSES DECHETTERIE;733;1570636,337;2262921,126;1,39886174;43,55529838
TOULOUSE;31555;CITE BOMAP;735;1568350,852;2262214,939;1,37075073;43,54854769
TOULOUSE;31555;AV GASPARD CORIOLIS RD PT ALPHONSE ALLAIS;716;1569323,141;2265615,731;1,38197000;43,57932141
TOULOUSE;31555;RUE UNIVERSITE DU MIRAIL RUE ARISTIDE MAILLOL;721;1570958,896;2265065,555;1,40234839;43,57465201
TOULOUSE;31555;CHE DE GAILLARDIE AVENUE DU DR MAUR;712;1568400,875;2265835,544;1,37050064;43,58113911
TOULOUSE;31555;CHE DE LESTANG PASSAGE GEORGES DUHAMEL;730;1570400,737;2263918,653;1,39571067;43,56423498
TOULOUSE;31555;PL DES PRADETTES AV LOUIS ARISTE PASSERIEU;715;1569882,243;2265845,324;1,38883654;43,58148428
TOULOUSE;31555;CHE DE LESTANG RUE DU RECTEUR DOTTIN;732;1570402,391;2263460,856;1,39583933;43,56011541
TOULOUSE;31555;ALLEES DE BELLEFONTAINE;728;1571069,921;2263840,368;1,40401081;43,56364519
TOULOUSE;31555;CHE DU MIRAIL IMP DES VERGERS;717;1570689,239;2265799,597;1,39883741;43,58121163
TOULOUSE;31555;RUE FERDINAND LAULANIE;719;1570815,009;2265703,709;1,40041695;43,58037028
TOULOUSE;31555;RUE MAZAYGUES;708;1568994,941;2266510,431;1,37769335;43,58731602
TOULOUSE;31555;CH. DU MARIN;713;1569149,517;2265860,410;1,37976230;43,58149321
TOULOUSE;31555;AV JEAN BAYLET;714;1570345,778;2266200,874;1,39449066;43,58476383
TOULOUSE;31555;CHE DE CASSELARDIT N°160;702;1571007,674;2269344,804;1,40194446;43,61317022
TOULOUSE;31555;7 RUE DARBOUSSIER;736;1568937,681;2263453,947;1,37771527;43,55980009
TOULOUSE;31555;CHE FERRO LEBRES INTERMARCHE;710;1568619,186;2266308,057;1,37308987;43,58542942
TOULOUSE;31555;CH. DE TURLU;223;1573932,459;2274229,949;1,43704465;43,65762741
TOULOUSE;31555;AEROSPATIALE;737;1568168,222;2268842,899;1,36689679;43,60816205
TOULOUSE;31555;AEROSPATIALE;738;1567988,574;2269256,197;1,36457225;43,61184991
TOULOUSE;31555;AEROSPATIALE;739;1567993,650;2269291,196;1,36462668;43,61216575
TOULOUSE;31555;AEROSPATIALE;740;1568284,515;2269172,500;1,36825775;43,61114850
TOULOUSE;31555;AEROSPATIALE;741;1568432,930;2269158,224;1,37009934;43,61104596
TOULOUSE;31555;BRASSERIE STADE TOULOUSAIN;240;1572029,057;2270266,561;1,41437961;43,62163943
TOULOUSE;31555;PARKING STADE TOULOUSAIN;241;1572111,850;2270100,786;1,41544395;43,62016165
TOULOUSE;31555;CHEZ CARMEN;666;1573149,205;2267877,227;1,42880914;43,60032677
TOULOUSE;31555;ALLEE D'ANCELY;742;1570879,187;2269799,582;1,40024578;43,61724082
TOULOUSE;31555;FACE AU 306 ROUTE DE SEYSSES;667;1572397,599;2265066,737;1,42015642;43,57490753
TOULOUSE;31555;42 AVENUE FREDERIC ESTEBE;143;1573864,494;2270197,050;1,43713228;43,62132345
TOULOUSE;31555;AV GASPARD CORIOLIS METEO FRANCE;743;1568895,143;2265337,528;1,37673843;43,57674349
TOULOUSE;31555;AV GASPARD CORIOLIS METEO FRANCE;744;1569084,197;2265008,466;1,37915720;43,57381504
TOULOUSE;31555;GENDARMERIE COUREGES;570;1576611,602;2266444,909;1,47200791;43,58801171
TOULOUSE;31555;193 CHEMIN DE TOURNEFEUILLE;757;1568924,315;2268496,192;1,37634376;43,60517390
TOULOUSE;31555;115 ROUTE DE BAYONNE;758;1569498,668;2268842,509;1,38337407;43,60839015
TOULOUSE;31555;RUE CARLOS GARDEL;759;1570459,317;2269479,064;1,39512087;43,61428436
TOULOUSE;31555;RUE HENRI CHARDONNET;773;1571337,258;2268645,265;1,40619102;43,60693131
TOULOUSE;31555;RUE DE LISIEUX ANGLE PASSAGE GODFRAIN;774;1570386,720;2268390,874;1,39447931;43,60447909
TOULOUSE;31555;61 CHEMIN TEYNIER;775;1569977,246;2267590,341;1,38959845;43,59720442
TOULOUSE;31555;RUE DOMINIQUE CLOS FACE AU 158;777;1567950,629;2268779,511;1,36421727;43,60755352
TOULOUSE;31555;CHEMIN DE TOUNEFEUILLE PARKING METRO;778;1568483,654;2267765,679;1,37106203;43,59852315
TOULOUSE;31555;ALLEES DE LA LIMAGNE;779;1570817,763;2270102,703;1,39941340;43,61995811
TOULOUSE;31555;ROUTE DE SAINT SIMON ANGLE IMPASSE LAS CEGOS;756;1568935,594;2264381,984;1,37746762;43,56815136
TOULOUSE;31555;CHEMIN DE TUCAUT ANGLE IMPASSE DE TUCAUT;762;1569003,406;2262497,652;1,37875703;43,55120553
TOULOUSE;31555;RUE GIONO ANGLE ROUTE DE SAINT SIMON;763;1568536,685;2263948,804;1,37263437;43,56418363
TOULOUSE;31555;AVENUE MAURICE MAGRE FACE RUE DEODAT ROCHE;765;1569465,581;2265185,877;1,38383562;43,57547774
TOULOUSE;31555;15 RUE ROBERT ARON;767;1569946,109;2265142,916;1,38979384;43,57517417
TOULOUSE;31555;CHEMIN DES PRADETTES FACE RUE TASTEVIN;766;1569557,043;2265638,862;1,38485993;43,57957008
TOULOUSE;31555;RUE TOUNY LERYS ANGLE ROUTE DE SAINT SIMON;768;1570136,400;2265516,631;1,39206072;43,57857012
TOULOUSE;31555;221 ROUTE DE SAINT SIMON;769;1570366,550;2265734,313;1,39485819;43,58056870
TOULOUSE;31555;33 CHEMIN DU RAMELET MOUNDI;771;1570036,925;2266373,271;1,39062617;43,58626207
TOULOUSE;31555;ALLEES DES VITARELLES ANGLE RUE JEAN DOUJAT;772;1570674,114;2266929,176;1,39838354;43,59137438
TOULOUSE;31555;RUE POUTIER;776;1568860,271;2267078,141;1,37589018;43,59240152
TOULOUSE;31555;AVENUE PIERRE MOLETTE;711;1569573,192;2266699,003;1,38480749;43,58911330
TOULOUSE;31555;AVENUE NEEL RESIDENCE LES VILLAS DU SUD;761;1571410,337;2263214,731;1,40837043;43,55807300
TOULOUSE;31555;RUE DESPIAU ANGLE RUE CALBAiRAC;760;1571476,542;2263500,118;1,40912280;43,56065258
TOULOUSE;31555;CHEMIN DE LA FRONDE;770;1570366,315;2266409,005;1,39469567;43,58664037
TOULOUSE;31555;RUE PAUL DEBAUGES IMPASSE VIGEE LEBRUN;764;1568045,484;2264320,350;1,36646596;43,56744145
TOULOUSE;31555;RUE DE LONDRES PLACE MAURICE JACQUIER;726;1571801,130;2264399,353;1,41292937;43,56880034
TOULOUSE;31555;PLACE REGENCE ANGLE RUE VENDOME;753;1571648,094;2264223,042;1,41107655;43,56718763
TOULOUSE;31555;6 RUE ROBERT MESURET;747;1571077,345;2264217,897;1,40401392;43,56704396
TOULOUSE;31555;ROUTE DE SEYSSES ANGLE RUE DE RIMONT;754;1571190,008;2263581,917;1,40555768;43,56133983
TOULOUSE;31555;25 Bis RUE AUGUSTE GUENOT;755;1571382,713;2264237,665;1,40778865;43,56727400
TOULOUSE;31555;RUE PICASSO PLACE LEVESVILLE;734;1570544,423;2265820,493;1,39703976;43,58137483
TOULOUSE;31555;RUE DE LESTANG ANGLE RUE PELLETIER;745;1570443,412;2264758,380;1,39604037;43,57179925
TOULOUSE;31555;170 CHEMIN DE LESTANG;748;1570505,854;2264991,736;1,39675811;43,57391001
TOULOUSE;31555;PARKING BELLEFONTAINE;751;1570661,437;2264072,032;1,39890087;43,56566004
TOULOUSE;31555;ENTREE PASSAGE BRAQUE;749;1570836,463;2263993,744;1,40108546;43,56498551
TOULOUSE;31555;PASSAGE PAUL GAUGUIN ANGLE RUE GOYA;750;1570777,640;2263726,040;1,40042056;43,56256629
TOULOUSE;31555;RUE DE LA TOURASSE ANGLE CHEMINEMENT BLAISE CENDRARS;752;1570163,869;2263890,208;1,39278597;43,56393825
TOULOUSE;31555;RUE DE LA TOURASSE PARKING STADE;722;1570236,450;2263706,221;1,39372776;43,56229499
TOULOUSE;31555;Rue JAUFFRE RUDEL;781;1570420,598;2269060,912;1,39474028;43,61051470
TOULOUSE;31555;ROUTE DE SAINT SIMON;783;1568059,815;2263347,698;1,36687738;43,55869084
TOULOUSE;31555;DECHETTERIE ATLANTA;337;1576975,382;2271304,873;1,47541974;43,63180748
TOULOUSE;31555;RUE LOUISON BOBET CHEMIN BEAUREGARD;610;1570668,183;2267319,813;1,39821789;43,59488879
TOULOUSE;31555;DATURAS Déchêterie Payante;242;1572149,674;2270764,405;1,41575745;43,62614008
TOULOUSE;31555;CHEMIN GUILLLAUMET (ENSICA);327;1576458,464;2269376,586;1,46945057;43,61436973
TOULOUSE;31555;127 CHEMIN DE LESTANG;748;1570528,488;2264323,931;1,39719599;43,56790414
TOULOUSE;31555;BOULEVARD DE SUISSE ANGLE RUE RAMEAU;144;1572758,850;2269947,911;1,42349405;43,61889546
TOULOUSE;31555;RUE DE L'INVENTION;571;1578182,436;2267132,222;1,49130344;43,59445262
TOULOUSE;31555;PLACE SAUVEGRAIN;782;1569045,851;2266771,593;1,37826122;43,58967511
TOULOUSE;31555;CHEMIN DU LAPIN;243;1573537,628;2273748,656;1,43226210;43,65323001
TOULOUSE;31555;CASERNE VION;668;1573395,949;2267202,412;1,43202063;43,59429543
TOULOUSE;31555;PARKING PONTS JUMEAUX;244;1572102,147;2269010,283;1,41557855;43,61034639
TOULOUSE;31555;RUE MAURICE HUREL;572;1578361,356;2266042,760;1,49376076;43,58467701
TOULOUSE;31555;PLACE AUGUSTE ALBERT;569;1577187,446;2266797,835;1,47905825;43,59128187
TOULOUSE;31555;AVENUE DE L'URSS ANGLE BD DELACOURTIE;465;1574681,176;2266050,819;1,44819783;43,58414668
TOULOUSE;31555;AVENUE CHAMPOLLION ANGLE CHEMIN VOUET;784;1570314,221;2262343,637;1,39501241;43,55004605
TOULOUSE;31555;9 CHEMIN D'AUZEVILLE;467;1575283,691;2261972,026;1,45658479;43,54753989
TOULOUSE;31555;130 AVENUE JEAN RIEUX;573;1576098,479;2267016,863;1,46552565;43,59307475
TOULOUSE;31555;RUE DINETARD MAISON DU JUDO;313;1577228,018;2269615,867;1,47892878;43,61664889
TOULOUSE;31555;FACE AU 43 CHEMIN TRICOU;146;1573034,549;2269791,471;1,42694542;43,61753415
TOULOUSE;31555;RTE DE BLAGNAC DEVANT JOB;245;1571537,480;2269738,381;1,40841417;43,61680260
TOULOUSE;31555;RUE LEONCE LAVERGNE;785;1570381,934;2264618,505;1,39531250;43,57052991
TOULOUSE;31555;8 BOULEVARD DEODAT DE SEVERAC;669;1572959,315;2266332,176;1,42681602;43,58639047
TOULOUSE;31555;CHEMIN MAL CLABEL/RUE DE SUPERBAGNERES;574;1577526,153;2265699,137;1,48349757;43,58144937
TOULOUSE;31555;RUE MAURICE CAUNES/IMPASSE GESTA;339;1576880,372;2272310,753;1,47401619;43,64084408
TOULOUSE;31555;Avenue Charles de Fitte angle Rue Réclusane;670;1573268,949;2267714,874;1,43032953;43,59888586
TOULOUSE;31555;Face au 83 rue de Périole;340;1575804,484;2269795,646;1,46125517;43,61803344
TOULOUSE;31555;32 Avenue Bourges Maunoury;247;1575097,974;2271625,309;1,45208606;43,63438216
TOULOUSE;31555;Rue Louin Rue de l'Allier;248;1574929,289;2271024,746;1,45013331;43,62894959
TOULOUSE;31555;66 rue Ernest Renan;246;1574431,684;2271497,772;1,44385988;43,63312363
TOULOUSE;31555;RUE DU TIBET CHEMIN DE GUILHERMY;787;1568333,927;2264191,958;1,37006669;43,56633645
TOULOUSE;31555;Chemin de Gabardie Angle rue Jansou;341;1577547,823;2271357,574;1,48250036;43,63237503
TOULOUSE;31555;CHEMIN DE LA BOURDETTE (Parking Bellevue);471;1576012,924;2262872,331;1,46540383;43,55576239
TOULOUSE;31555;146 CHEMIN DES ETROITS;472;1573865,482;2261737,157;1,43909190;43,54519036
TOULOUSE;31555;AVENUE CHAMPOLLION ANGLE CHEMIN VOUET;784;1570314,221;2262343,637;1,39501241;43,55004605
TOULOUSE;31555;41 AVENUE CHAMPOLLION;788;1570405,840;2261776,185;1,39628004;43,54495510
TOULOUSE;31555;44 RUE LOUIS PLANA;343;1577216,947;2268932,207;1,47894498;43,61049462
TOULOUSE;31555;CITE DE L'ESPACE;575;1578258,871;2266278,312;1,49243963;43,58678030
TOULOUSE;31555;190 route de Launaguet;249;1574085,565;2272760,781;1,43928073;43,64443185
TOULOUSE;31555;Impasse Scudéry / Route de Launaguet;250;1574150,837;2274912,626;1,43959423;43,66380740
TOULOUSE;31555;Face au 7 rue du Colonel Roche;576;1576907,312;2263756,779;1,47627277;43,56386847
TOULOUSE;31555;2 Allées Emile Monso;577;1578988,337;2263140,448;1,50216366;43,55865864
TOULOUSE;31555;PLACE RAYMOND GRIMAUD;789;1568414,271;2268106,950;1,37012088;43,60158218
TOULOUSE;31555;Face au 55 Chemin du Chapitre;790;1571581,111;2263315,422;1,41046011;43,55900826
TOULOUSE;31555;4 RUE DES MOUETTES;473;1573982,366;2265185,236;1,43974560;43,57624052
TOULOUSE;31555;BOULEVARD LASCROSSES / ARNAUD BERNARD;148;1573931,635;2269118,047;1,43821251;43,61162451
TOULOUSE;31555;Devant les jardins de l'olympe;251;1571061,515;2270655,879;1,40230246;43,62497797
TOULOUSE;31555;PLACE DU SALIN;18;1574402,151;2267236,410;1,44447169;43,59476974
TOULOUSE;31555;BLD D'ARCOLE  (Ecole du Nord);38;1574146,064;2269055,566;1,44088270;43,61109808
TOULOUSE;31555;PLACE ANATOLE France;13;1573947,075;2268533,104;1,43853841;43,60636305
TOULOUSE;31555;RUE DU PONT MONTAUDRAN (côté place Dupuy);15;1575339,423;2267646,090;1,45598393;43,59861220
TOULOUSE;31555;BLD DE STRASBOURG / RUE ST BERNARD;33;1574448,504;2268867,615;1,44467166;43,60945712
TOULOUSE;31555;BLD DE STRASBOURG  / PLACE V. HUGO;34;1574614,298;2268638,772;1,44677746;43,60742531
TOULOUSE;31555;RUE PEYROLIERES / RUE DE METZ;40;1574145,426;2267807,038;1,44116177;43,59986216
TOULOUSE;31555;RUE DES PRETRES (CARMES);41;1574388,287;2267512,121;1,44423680;43,59724863
TOULOUSE;31555;PLACE DUPUY;42;1575249,691;2267828,729;1,45483118;43,60024097
TOULOUSE;31555;PLACE ST AUBIN;16;1575251,790;2268170,856;1,45477923;43,60332021
TOULOUSE;31555;PLACE ST JACQUES;2;1574961,322;2267548,506;1,45132420;43,59767136
TOULOUSE;31555;PLACE DE LA DAURADE;23;1574027,941;2268002,924;1,43966187;43,60160536
TOULOUSE;31555;PLACE ROQUELAINE;19;1574731,785;2269210,632;1,44810165;43,61259116
TOULOUSE;31555;PLACE SAINT PIERRE;39;1573752,843;2268206,011;1,43620836;43,60338695
TOULOUSE;31555;BLD ARMAND DUPORTAL / ALLEE DE BARCELONE;22;1573634,573;2268327,063;1,43471579;43,60445650
TOULOUSE;31555;RUE DE METZ / RUE DES MARCHANDS;12;1574278,046;2267830,196;1,44279870;43,60009270
TOULOUSE;31555;AVENUE MAURICE HAURIOU;14;1574144,790;2267161,758;1,44130216;43,59405499
TOULOUSE;31555;RUE RAYMOND IV / RUE CHEVREUL;43;1574988,835;2269175,969;1,45129333;43,61232191
TOULOUSE;31555;BLD D'ARCOLE ( n°40 ) / RUE DE LA BALANCE;27;1574034,878;2269113,390;1,43949230;43,61159987
TOULOUSE;31555;BLD D'ARCOLE / RUE DES CHALETS;20;1574293,042;2269032,154;1,44270847;43,61091192
TOULOUSE;31555;AVENUE DE LA GARONNETTE;44;1574109,715;2267645,860;1,44075659;43,59840570
TOULOUSE;31555;PLACE SAINTE SCARBES;45;1574744,733;2267582,017;1,44863456;43,59793698
TOULOUSE;31555;BLD CARNOT / PLACE ROLAND;7;1574960,252;2268190,227;1,45116443;43,60344622
TOULOUSE;31555;BLD CARNOT FACE N°10;11;1575024,164;2267985,187;1,45200271;43,60161161
TOULOUSE;31555;ALLEES JULES GUESDE / RUE OZENNE;21;1574756,701;2267210,038;1,44886783;43,59459141
TOULOUSE;31555;BLD CARNOT / TROIS JOURNEES;32;1574793,311;2268392,800;1,44905072;43,60524151
TOULOUSE;31555;PLACE ESQUIROL;28;1574434,134;2267870,938;1,44472224;43,60048537
TOULOUSE;31555;RUE DES LOIS ( Place RABIN );35;1574153,138;2268511,236;1,44109543;43,60620070
TOULOUSE;31555;PLACE ST SERNIN / RUE GATIEN ARNOULT;24;1574176,199;2268818,199;1,44131049;43,60896699
TOULOUSE;31555;PLACE JULIEN / RUE DE LA CITEE ADMINISTRATIVE;26;1573837,793;2268747,734;1,43713555;43,60827627
TOULOUSE;31555;BLD LASCROSSES (poste);31;1573864,254;2269051,861;1,43739320;43,61101761
TOULOUSE;31555;ALLEES PAUL SABATIER ( face au n°21 );17;1575331,957;2267494,891;1,45592589;43,59725027
TOULOUSE;31555;RUE DE L'INDUSTRIE ( face au n°32 );25;1574970,132;2268436,852;1,45123047;43,60566730
TOULOUSE;31555;ALLEE JEAN-JAURES / RUE BACHELIER;1;1574996,563;2268621,332;1,45151569;43,60733188
TOULOUSE;31555;;47;1575212,517;2268628,189;1,45418866;43,60742938
TOULOUSE;31555;RUE RIQUET DERRIERE LE SOFITEL;36;1575176,712;2268789,857;1,45370836;43,60887834
TOULOUSE;31555;BLD BONREPOS ( gare );6;1575143,076;2268907,271;1,45326501;43,60992941
TOULOUSE;31555;ANGLE RUE BAYARD/ BD DE STRASBOURG;49;1574594,695;2268711,251;1,44651808;43,60807431
TOULOUSE;31555;BLD MATABIAU (entre le n°11 et le n°12);10;1574729,452;2269470,685;1,44801324;43,61493105
TOULOUSE;31555;BLD MATABIAU / RUE CHATEAUDUN;5;1574557,709;2269497,351;1,44587988;43,61514245
TOULOUSE;31555;BLD MATABIAU / RUE SAINT HONEST (côté canal);3;1574284,897;2269491,456;1,44250210;43,61504393
TOULOUSE;31555;RUE DES CHALETS / RUE VAUBAN;4;1573973,094;2269596,124;1,43861594;43,61593377
TOULOUSE;31555;RUE DAURIAC;46;1575254,618;2268005,071;1,45485202;43,60182873
TOULOUSE;31555;8 rue CAULET;791;1567406,606;2268630,600;1,35751587;43,60611792
TOULOUSE;31555;RUE DES EPARGES RUE DES ARBUSTES;579;1577008,484;2268150,970;1,47653857;43,60343003
TOULOUSE;31555;RUE DE PERIOLE IMPASSE ROUS;345;1576189,783;2269905,514;1,46600299;43,61908559
TOULOUSE;31555;BOULEVARD DE SUISSE FACE AU 27;149;1572471,362;2269328,722;1,42007720;43,61327467
TOULOUSE;31555;Parking COURS DILLON;672;1573780,766;2267336,332;1,43675459;43,59556516
TOULOUSE;31555;5 RUE DE L'ABBE NAUDIN Cité Madrid;253;1571655,990;2269344,958;1,40997434;43,61328232
TOULOUSE;31555;13 AVENUE RAYMOND BADIOU;673;1571298,987;2267808,501;1,40591371;43,59939458
TOULOUSE;31555;20 Avenue Marcel DASSAULT;580;1578508,845;2265497,931;1,49570750;43,57979765
TOULOUSE;31555;117 AV DES ARENES ROMAINES;792;1570632,190;2269399,699;1,39728084;43,61359985
TOULOUSE;31555;102 Chemin de Gabardie (BASE MILITAIRE);341;1577600,386;2271854,722;1,48304037;43,63685752
TOULOUSE;31555;CHEMIN DU VALLON CHEMINEMENT DU CASTEL;475;1574793,849;2262585,833;1,45038407;43,55298266
TOULOUSE;31555;7 Chemin de Colasson;793;1569479,653;2264479,756;1,38417793;43,56912562
TOULOUSE;31555;RUE AMILHAU RUE JEAN MERMOZ;674;1572153,016;2265945,479;1,41692395;43,58277414
TOULOUSE;31555;RUE DES GALLOIS, ANGLE RUE ACHILLE VIADIEU;476;1574387,626;2266664,896;1,44442290;43,58962409
TOULOUSE;31555;PARC DES EXPOSITION;477;1573763,315;2266544,197;1,43672104;43,58843359
TOULOUSE;31555;RUE DES MESANGES;260;1571933,447;2274619,427;1,41217598;43,66079496
TOULOUSE;31555;AVENUE DE LESPINET CHEMIN DES HERBETTES;581;1576413,674;2265193,452;1,46983963;43,57671695
TOULOUSE;31555;90 ROUTE DE BAYONNE;794;1569890,222;2268910,095;1,38820731;43,60906608
TOULOUSE;31555;Avenue des Arènes Romaines Rue de Purpan;795;1570627,304;2269625,134;1,39716704;43,61562773
BLAGNAC;31069;RUE DU BAC;1;1570866,382;2270518,407;1,39991756;43,62370742
BLAGNAC;31069;PLACE DE LA SOURCE;2;1570083,723;2270015,904;1,39034137;43,61905077
BLAGNAC;31069;TRANFORMATEUR SERVANTY;3;1570339,689;2270674,218;1,39335603;43,62501911
BLAGNAC;31069;;4;1570733,990;2270879,472;1,39819220;43,62693397
BLAGNAC;31069;;4;1570411,099;2271102,408;1,39413925;43,62888471
BLAGNAC;31069;;4;1569892,919;2270995,594;1,38774496;43,62783415
BLAGNAC;31069;;4;1569695,811;2271007,074;1,38530031;43,62790340
BLAGNAC;31069;;4;1569809,332;2271220,019;1,38665603;43,62983933
BLAGNAC;31069;;4;1569517,626;2271319,745;1,38301826;43,63068629
BLAGNAC;31069;;4;1569896,263;2271577,189;1,38764808;43,63306854
BLAGNAC;31069;;4;1570056,427;2271660,158;1,38961277;43,63384284
BLAGNAC;31069;;4;1570501,992;2271687,764;1,39512677;43,63416800
BLAGNAC;31069;;4;1570699,606;2271597,621;1,39759652;43,63339076
BLAGNAC;31069;;4;1570831,355;2271586,641;1,39923146;43,63331455
BLAGNAC;31069;;4;1570680,695;2271876,945;1,39729619;43,63590116
BLAGNAC;31069;;4;1570974,494;2271905,713;1,40092969;43,63621043
BLAGNAC;31069;;4;1569743,167;2271911,271;1,38567172;43,63604850
BLAGNAC;31069;;4;1570489,712;2272037,385;1,39489185;43,63731215
BLAGNAC;31069;;4;1569049,120;2272275,531;1,37698502;43,63920613
BLAGNAC;31069;;4;1569508,519;2272228,806;1,38268858;43,63886539
BLAGNAC;31069;;4;1569585,661;2272465,295;1,38358807;43,64100692
BLAGNAC;31069;;4;1569754,573;2272243,539;1,38573392;43,63904056
BLAGNAC;31069;;4;1569886,840;2272300,134;1,38735938;43,63957272
BLAGNAC;31069;;4;1570709,894;2272579,653;1,39749186;43,64222988
BLAGNAC;31069;;4;1570366,493;2272728,521;1,39320127;43,64351052
BLAGNAC;31069;;4;1569214,848;2272796,060;1,37891409;43,64391917
BLAGNAC;31069;;4;1569973,914;2272676,136;1,38834892;43,64297142
BLAGNAC;31069;;4;1569338,298;2273003,391;1,38039434;43,64580637
BLAGNAC;31069;;4;1569495,292;2273106,327;1,38231529;43,64675992
BLAGNAC;31069;;4;1569167,953;2273472,211;1,37817119;43,64999570
BLAGNAC;31069;;4;1568993,367;2273242,006;1,37606267;43,64789374
BLAGNAC;31069;;4;1568707,027;2273319,533;1,37249551;43,64854153
BLAGNAC;31069;;4;1568649,408;2273462,888;1,37174701;43,64982152
BLAGNAC;31069;;4;1569756,611;2273523,094;1,38545442;43,65055565
BLAGNAC;31069;;4;1568585,313;2272180,484;1,37126084;43,63827001
VILLENEUVE-TOLOSANE;31588;;36;1566143,460;2259351,247;1,34413820;43,52238802
VILLENEUVE-TOLOSANE;31588;;37;1566150,499;2259319,329;1,34423304;43,52210203
VILLENEUVE-TOLOSANE;31588;;38;1566162,945;2259280,087;1,34439653;43,52175108
VILLENEUVE-TOLOSANE;31588;;39;1566785,975;2259321,750;1,35209150;43,52223628
VILLENEUVE-TOLOSANE;31588;;40;1566877,466;2259142,612;1,35326642;43,52064030
VILLENEUVE-TOLOSANE;31588;;41;1568319,224;2259816,196;1,37093501;43,52695512
VILLENEUVE-TOLOSANE;31588;;42;1568438,586;2259948,201;1,37237966;43,52816390
VILLENEUVE-TOLOSANE;31588;;43;1568009,601;2259685,649;1,36713691;43,52572617
VILLENEUVE-TOLOSANE;31588;;44;1566113,723;2259986,934;1,34361542;43,52810348
VILLENEUVE-TOLOSANE;31588;;45;1565999,590;2260062,460;1,34218534;43,52876290
VILLENEUVE-TOLOSANE;31588;;46;1566218,780;2259915,119;1,34493231;43,52747583
VILLENEUVE-TOLOSANE;31588;;47;1564936,039;2259558,949;1,32915472;43,52404202
VILLENEUVE-TOLOSANE;31588;;48;1564988,840;2259797,070;1,32974919;43,52619439
VILLENEUVE-TOLOSANE;31588;;49;1565071,718;2260039,513;1,33071463;43,52839102
VILLENEUVE-TOLOSANE;31588;;50;1565824,680;2259332,746;1,34020031;43,52216491
AUSSONNE;31032;CHEMIN DU BAC;110VE;1566331,429;2275407,609;1,34254463;43,66691392
AUSSONNE;31032;CHEMIN DE LA PLANETE;109VE;1565933,637;2275824,170;1,33751119;43,67059174
AUSSONNE;31032;STADE;107VE;1564159,873;2276173,764;1,31543458;43,67341965
AUSSONNE;31032;ROUTE DE CORNEBARRIEU;111VE;1564689,471;2276560,769;1,32190457;43,67699761
AUSSONNE;31032;ROUTE DE DAUX CIMETIERE;102VE;1564112,462;2277170,430;1,31459886;43,68237984
AUSSONNE;31032;RUE DU FORT;105VE;1564238,144;2277159,644;1,31615995;43,68230546
AUSSONNE;31032;CHEMIN DE MOUNESTIE PARKING CENTRE COMMERCIAL;103VE;1564643,923;2277495,645;1,32110817;43,68540214
AUSSONNE;31032;CHEMIN DE MOUNESTIE PARKING CENTRE COMMERCIAL;106VE;1564629,553;2277479,543;1,32093397;43,68525465
AUSSONNE;31032;PLACE JEAN JAURES;104VE;1564373,344;2277381,772;1,31778122;43,68432871
AUSSONNE;31032;LOTISSEMENT AGASSINES;101VE;1565007,775;2278372,247;1,32540331;43,69335580
BEAUZELLE;31056;RUE DES ECOLES CIMETIERE;1307VE;1569760,053;2274514,628;1,38526086;43,65947903
BEAUZELLE;31056;ALLEE DU STADE;1303VE;1569440,855;2274928,083;1,38120560;43,66314440
BEAUZELLE;31056;RUE DES PAPILLONS;1308VE;1569256,556;2274674,194;1,37898178;43,66082769
BEAUZELLE;31056;RUE DES CAMELIAS;1302VE;1569510,603;2275216,620;1,38200128;43,66575302
BEAUZELLE;31056;RUE DE LA REPUBLIQUE;1309VE;1569181,453;2275274,523;1,37790715;43,66621696
BEAUZELLE;31056;RUE DES MURIERS;1301VE;1568787,107;2275285,648;1,37301599;43,66624844
BEAUZELLE;31056;RUE DES FAUVETTES;1305VE;1569076,649;2274994,360;1,37667507;43,66367758
BEAUZELLE;31056;RUE DES FAUVETTES;1313VE;1569095,269;2274956,395;1,37691499;43,66333917
BEAUZELLE;31056;RUE DES INS;1311VE;1568823,037;2275744,645;1,37335121;43,67038517
BEAUZELLE;31056;RUE DES PINS;1304VE;1568895,935;2275738,683;1,37425637;43,67034422
BEAUZELLE;31056;RUE DES PEUPLIERS CENTRE COMMERCIAL;1306VE;1568428,691;2275755,769;1,36845970;43,67041645
BEAUZELLE;31056;SUPERMARCHE CHAMPION;1310VE;1568278,501;2275546,194;1,36664827;43,66850425
BEAUZELLE;31056;SUPERMARCHE CHAMPION;1312VE;1568213,129;2275476,453;1,36585469;43,66786521
BRAX;31088;SALLE DES FETES;201VE;1557598,222;2269761,188;1,23575614;43,61450211
BRAX;31088;SALLE DES FETES;202VE;1557612,791;2269755,510;1,23593807;43,61445377
BRAX;31088;PLACE CENTRALE;204VE;1557895,981;2270024,748;1,23937564;43,61693006
BRAX;31088;CIMETIERE;203VE;1558012,218;2269753,858;1,24088563;43,61451429
BRAX;31088;LOTISSEMENT TERROUGES;205VE;1558756,251;2269816,384;1,25008479;43,61521680
COLOMIERS;31149;ALLEE DES CORBIERES;339VE;1567223,178;2266940,655;1,35565396;43,59087764
COLOMIERS;31149;ALLEE TOULOUSE LAUTREC;386VE;1566608,101;2267191,250;1,34797760;43,59302416
COLOMIERS;31149;CHEMIN DE PUJOUANE;387VE;1566880,298;2267348,432;1,35130962;43,59448678
COLOMIERS;31149;CHEMIN DE COURNAUDIS CLINIQUE DES PYRENEES;345VE;1565901,840;2267724,856;1,33910239;43,59770079
COLOMIERS;31149;ALLEE DU CHATEAU CLINIQUE DU CABIROL;340VE;1565097,662;2267660,428;1,32916058;43,59697748
COLOMIERS;31149;AVENUE DES MAROTS;362VE;1564483,329;2267710,660;1,32154131;43,59731930
COLOMIERS;31149;CHEMIN DE COURNAUDIS CLINIQUE DES PYRENEES;337VE;1565901,840;2267724,856;1,33910239;43,59770079
COLOMIERS;31149;ALLEES DES VIGNES;336VE;1566886,134;2268120,308;1,35119428;43,60143400
COLOMIERS;31149;RESTAURANT LE CANARD SUR LE TOIT;363VE;1562975,868;2268389,397;1,30270570;43,60315466
COLOMIERS;31149;AVENUE DU LOURON;383VE;1564299,957;2268343,906;1,31911383;43,60298490
COLOMIERS;31149;PLACE DE LA GARE;352VE;1565542,658;2268520,340;1,33445953;43,60479540
COLOMIERS;31149;PLACE DE LA GARE;354VE;1565532,834;2268472,198;1,33434968;43,60436041
COLOMIERS;31149;ALLEE DE L'ADOUR;331VE;1564475,684;2268632,145;1,32121861;43,60561038
COLOMIERS;31149;CHEMIN DE LA CHASSE;346VE;1563829,974;2268540,291;1,31324500;43,60466738
COLOMIERS;31149;LATERALE NORD;313VE;1566559,005;2268532,492;1,34704292;43,60508542
COLOMIERS;31149;BOULEVARD DU SUD;347VE;1566508,771;2268642,440;1,34639402;43,60606595
COLOMIERS;31149;14 ALLEE DE LA FONTAINE;364VE;1566773,213;2268754,283;1,34964170;43,60711923
COLOMIERS;31149;ALLEE DE L'ORATOIRE;358VE;1566807,334;2269047,159;1,34999303;43,60976087
COLOMIERS;31149;ALLEE DU MONT VALLIER;316VE;1566159,973;2268747,648;1,34204873;43,60695084
COLOMIERS;31149;1 ALLEE DE NAUROUZE;315VE;1566373,232;2269013,986;1,34462481;43,60938548
COLOMIERS;31149;RUE CHRESTIAS;317VE;1566097,416;2269001,664;1,34121188;43,60922563
COLOMIERS;31149;RUE ABEL BOYER;311VE;1566544,788;2269272,741;1,34668643;43,61174443
COLOMIERS;31149;AVENUE YVES BRUNAUD YMCA;374VE;1566946,664;2269525,809;1,35160229;43,61409288
COLOMIERS;31149;AVENUE YVES BRUNAUD YMCA;310VE;1566979,838;2269511,592;1,35201663;43,61397080
COLOMIERS;31149;1 ALLEE DE NAUROUZE;314VE;1566378,919;2269025,360;1,34469247;43,60948884
COLOMIERS;31149;PLACE DE L'AVEYRON;322VE;1565862,830;2268957,590;1,33831739;43,60878729
COLOMIERS;31149;ALLEE DE L'AUVERGNE;320VE;1565747,196;2269011,616;1,33687204;43,60925287
COLOMIERS;31149;PLACE DU CANTAL;342VE;1565780,370;2269187,911;1,33723967;43,61084526
COLOMIERS;31149;ALLEE DU COTEAU;343VE;1565972,085;2269314,067;1,33958321;43,61201467
COLOMIERS;31149;RUE DU COUDERC;318VE;1565847,666;2269620,117;1,33796723;43,61474668
COLOMIERS;31149;CHEMIN DE MILASSIS YMCA;319VE;1565802,170;2269830,534;1,33735213;43,61663212
COLOMIERS;31149;ALLEE DE L'AUBE;309VE;1565511,189;2270001,142;1,33370604;43,61811553
COLOMIERS;31149;CIMETIERRE;356VE;1565352,903;2269870,342;1,33177759;43,61691019
COLOMIERS;31149;PUB L'ESPACE;350VE;1566200,255;2270543,295;1,34210869;43,62311706
COLOMIERS;31149;BOULODROME DES FENASSIERS;307VE;1565139,541;2269870,321;1,32913483;43,61687184
COLOMIERS;31149;ALLEE DES FENASSIERS ECOLE JULES FERRY;329VE;1564884,679;2269436,240;1,32608518;43,61291989
COLOMIERS;31149;ALLEE DU VELAY STADE DE SELERY;351VE;1564947,235;2270333,827;1,32663850;43,62100847
COLOMIERS;31149;BOULEVARD VICTOR HUGO;353VE;1564471,428;2270030,524;1,32081972;43,61819361
COLOMIERS;31149;BOULEVARD DE SELERY LIMOUSIN;306VE;1564769,045;2270013,463;1,32451038;43,61809356
COLOMIERS;31149;RUE HENRI MATISSE;COLVE000;1564657,321;2270679,452;1,32296182;43,62406670
COLOMIERS;31149;ALLEE D'AQUITAINE;359VE;1564748,192;2269567,987;1,32436217;43,61408099
COLOMIERS;31149;ALLEE DU POITOU;366VE;1565518,771;2269444,770;1,33393665;43,61311010
COLOMIERS;31149;ALLEE DU PERIGORD;326VE;1565436,311;2269365,153;1,33293490;43,61237890
COLOMIERS;31149;ALLEE DU ROUSSILLON ALDI;321VE;1565634,406;2269101,659;1,33545306;43,61004307
COLOMIERS;31149;HALL COMMINGES;324VE;1565305,511;2269004,034;1,33140374;43,60910581
COLOMIERS;31149;RELAIS BUS LA POSTE;304VE;1565128,269;2269117,772;1,32918063;43,61009764
COLOMIERS;31149;ALLEE DU BEARN;312VE;1565223,051;2269368,945;1,33029266;43,61237490
COLOMIERS;31149;ALLEE DU VAL D'ARAN;330VE;1565033,487;2269282,693;1,32796609;43,61156479
COLOMIERS;31149;ALLEE DU GERS MAISON DE QUARTIER;332VE;1564779,471;2268860,913;1,32492422;43,60772364
COLOMIERS;31149;ALLEE DU FALCOU;355VE;1564835,392;2269231,511;1,32552528;43,61106869
COLOMIERS;31149;SUPERMARCHE CHAMPION;328VE;1565189,877;2269550,926;1,32983697;43,61400662
COLOMIERS;31149;SUPERMARCHE CHAMPION;327VE;1565170,921;2269565,144;1,32959868;43,61413117
COLOMIERS;31149;ALLEE DE LA MOSELLE CENTRE COMMERCIAL;308VE;1565264,755;2270148,054;1,33061741;43,61939355
COLOMIERS;31149;BOULEVARD VICTOR HUGO;323VE;1564463,846;2270015,359;1,32072956;43,61805577
COLOMIERS;31149;BOULEVARD VICTOR HUGO;303VE;1564472,377;2270021,046;1,32083382;43,61810848
COLOMIERS;31149;ROUTE DE PIBRAC BOULODROME;338VE;1564368,116;2269362,310;1,31970561;43,61216178
COLOMIERS;31149;ALLEE DE LA CHENAIE;301VE;1564335,890;2269186,015;1,31935017;43,61056950
COLOMIERS;31149;CHEMIN DE PIQUEMIL;349VE;1564091,352;2269055,216;1,31635404;43,60934837
COLOMIERS;31149;ALLEE DE VIGNY GYMNASE;302VE;1563338,975;2269693,030;1,30687683;43,61495195
COLOMIERS;31149;ALLEE DE VIGNY GYMNASE;370VE;1563346,601;2269710,953;1,30696681;43,61511462
COLOMIERS;31149;ALLEE DU VALLON;341VE;1562627,285;2269966,411;1,29799334;43,61728265
COLOMIERS;31149;ALLEE DU BOCAGE;361VE;1563152,991;2270252,793;1,30443331;43,61995546
COLOMIERS;31149;ESPLANADE  DE MONTURON;377VE;1562943,247;2270160,022;1,30185846;43,61908248
COLOMIERS;31149;RUE AMPERE;373VE;1563243,074;2269148,945;1,30582493;43,61003835
COLOMIERS;31149;ALLEE DE VIGNY RESTAURANT SOCRATE;357VE;1563584,178;2269669,609;1,30991971;43,61478562
COLOMIERS;31149;AVENUE DES MAROTS;334VE;1564846,667;2268429,702;1,32586284;43,60385523
CORNEBARRIEU;31150;INTERMARCHE;405VE;1565880,384;2273409,220;1,33744356;43,64885046
CORNEBARRIEU;31150;INTERMARCHE;406VE;1565843,023;2273448,278;1,33697098;43,64919529
CORNEBARRIEU;31150;INTERMARCHE;413VE;1565852,363;2273510,262;1,33707152;43,64975474
CORNEBARRIEU;31150;BOULODROME;409VE;1565043,176;2273768,387;1,32697956;43,65193298
CORNEBARRIEU;31150;CIMETIERE;403VE;1564576,174;2273647,816;1,32122167;43,65076412
CORNEBARRIEU;31150;CIMETIERE;404VE;1564552,399;2273656,307;1,32092492;43,65083626
CORNEBARRIEU;31150;CIMETIERE;407VE;1564567,683;2273658,005;1,32111392;43,65085429
CORNEBARRIEU;31150;AMBRITS;401VE;1564465,791;2273861,788;1,31980064;43,65266976
CORNEBARRIEU;31150;AMBRITS;402VE;1564482,773;2273841,409;1,32001615;43,65248944
CORNEBARRIEU;31150;CHEMIN DU MARCHET;410VE;1563917,141;2274077,194;1,31294730;43,65450921
MONDONVILLE;31351;ROUTE DE TOULOUSE;801VE;1562868,909;2275235,766;1,29966497;43,66474476
MONDONVILLE;31351;LE GAJEA;806VE;1561169,802;2274448,877;1,27880290;43,65735234
MONDONVILLE;31351;ROUTE DE TOULOUSE;804VE;1561780,265;2275968,387;1,28598493;43,67113832
MONDONVILLE;31351;ROUTE DE TOULOUSE;805VE;1561296,324;2275828,436;1,28002094;43,66978993
PIBRAC;31417;RUE MONPLAISIR;915VE;1561937,656;2269745,361;1,28950716;43,61516738
PIBRAC;31417;RESTAURANT SAINT JEAN;911VE;1561477,550;2269191,952;1,28394839;43,61010285
PIBRAC;31417;CIMETIERE;901VE;1561126,504;2269719,893;1,27946684;43,61478912
PIBRAC;31417;RUE PRINCIPALE;914VE;1561406,496;2270031,527;1,28285584;43,61764504
PIBRAC;31417;RUE DES ECOLES;912VE;1561156,756;2270058,345;1,27975567;43,61784038
PIBRAC;31417;GARE;908VE;1561931,343;2270432,986;1,28925550;43,62135409
PIBRAC;31417;BOULODROME;910VE;1561766,407;2270557,541;1,28718096;43,62244469
PIBRAC;31417;LE BERNET;913VE;1560186,288;2269503,553;1,26787683;43,61266841
PIBRAC;31417;MAIRIE;909VE;1561520,471;2270237,689;1,28421542;43,61952122
PIBRAC;31417;RUE DES ECOLES;906VE;1561156,332;2270079,127;1,27974515;43,61802732
PIBRAC;31417;RUE DES ECOLES;907VE;1561159,301;2270035,018;1,27979311;43,61763094
PIBRAC;31417;CIMETIERE;902VE;1561147,711;2269746,189;1,27972282;43,61502966
PIBRAC;31417;CIMETIERE;903VE;1561135,835;2269735,162;1,27957853;43,61492824
PIBRAC;31417;BOULODROME;904VE;1561764,613;2270537,627;1,28716377;43,62226516
PIBRAC;31417;LE BERNET;905VE;1560171,328;2269513,629;1,26768898;43,61275631
SEILH;31541;RESIDENCE DU GOLF;1108VE;1567760,405;2277471,473;1,35975943;43,68573870
SEILH;31541;RESIDENCE DU GOLF;1106VE;1567723,378;2277511,720;1,35929053;43,68609437
SEILH;31541;RESIDENCE DU GOLF;1103VE;1567802,262;2277387,759;1,36029873;43,68499273
SEILH;31541;PARKING B. COSTE;1102VE;1568279,189;2276970,800;1,36631332;43,68132421
SEILH;31541;CHEMIN DE LA VIEILLE COTE;1105VE;1567646,506;2278038,152;1,35820969;43,69081811
SEILH;31541;CHEMIN DU MOULIN;1107VE;1567461,369;2278066,325;1,35590690;43,69103904
SEILH;31541;EGLISE;1101VE;1567252,085;2278571,023;1,35318875;43,69554382
TOURNEFEUILLE;31557;Avenue Victor Hugo;1217VE;1567377,656;2266822,908;1,35759506;43,58984522
TOURNEFEUILLE;31557;Boulevard Vincent Auriol (Centre Comercial);1202VE;1567066,301;2266653,530;1,35378131;43,58826612
TOURNEFEUILLE;31557;2 rue Jean-Baptiste Lully (Cimetière);1213VE;1567057,289;2266376,971;1,35373684;43,58577573
TOURNEFEUILLE;31557;Boulevard Alain Savary/ Rue de la Garenne;1219VE;1563900,394;2265286,040;1,31492552;43,57539497
TOURNEFEUILLE;31557;Chemin de Panicarda;1231VE;1566109,068;2267140,055;1,34181133;43,59247497
TOURNEFEUILLE;31557;Place d'Anjou;1239VE;1566150,813;2266468,815;1,34249218;43,58644182
TOURNEFEUILLE;31557;Allée de Bigorre (Ecole);;1565795,316;2266538,088;1,33807411;43,58700201
TOURNEFEUILLE;31557;Rue Gaston Doumergue;1241VE;1566170,292;2266175,894;1,34280489;43,58380926
TOURNEFEUILLE;31557;Rue Bertrand Panouse (Supermarché);1221VE;1566243,626;2266023,490;1,34374993;43,58245077
TOURNEFEUILLE;31557;Place de la Mairie (Foyer Panousse);1204VE;1566382,599;2266078,671;1,34545689;43,58297200
TOURNEFEUILLE;31557;Rue Paul Valéry (Placette);1223VE;1565384,621;2266639,381;1,33296470;43,58784032
TOURNEFEUILLE;31557;Rue de la Paderne;1247VE;1565413,981;2266265,747;1,33341996;43,58448319
TOURNEFEUILLE;31557;Chemin du Ramelet Moundi (Restaurant L'art de vivre);1218VE;1566958,270;2265532,610;1,35271598;43,57815974
TOURNEFEUILLE;31557;Chemin de Pahin;;1564660,028;2267080,424;1,32388499;43,59167954
TOURNEFEUILLE;31557;Impasse Denis Papin;1250VE;1563662,047;2267347,730;1,31146230;43,59390516
TOURNEFEUILLE;31557;5 Boulevard Marcel Paul (Restaurant Le Concerto);1245VE;1563468,862;2267106,247;1,30913054;43,59169708
TOURNEFEUILLE;31557;Boulevard de l'industrie;1240VE;1563663,657;2266866,375;1,31160203;43,58957372
TOURNEFEUILLE;31557;Boulevard Goya;1214VE;1563995,293;2266869,595;1,31570713;43,58966261
TOURNEFEUILLE;31557;15 Chemin des Carnières;1236VE;1562313,963;2265731,222;1,29517714;43,57911311
TOURNEFEUILLE;31557;Boulevard Jean Gay (Supermarché);1211VE;1564275,904;2265315,529;1,31956623;43,57572804
TOURNEFEUILLE;31557;Rond-Point des Français Libres (CES);1224VE;1564742,278;2265668,623;1,32525185;43,57898939
TOURNEFEUILLE;31557;Boulevard du Général de Gaulle (Parking Ecole);1248VE;1564710,081;2265956,791;1,32478215;43,58157687
TOURNEFEUILLE;31557;13 Rue des Frènes;1229VE;1564957,639;2265207,652;1,32803130;43,57487967
TOURNEFEUILLE;31557;Rue des Salues;1207VE;1565824,119;2265844,100;1,33860063;43,58076186
TOURNEFEUILLE;31557;2 Rue des Maronniers;1230VE;1565354,798;2265477,079;1,33288107;43,57737532
TOURNEFEUILLE;31557;Avenue du Marquisat (Ecole);;1565412,058;2264688,585;1,33378347;43,57028978
TOURNEFEUILLE;31557;Allée des Sports (Piscine);1228VE;1566167,269;2265719,498;1,34287892;43,57970155
TOURNEFEUILLE;31557;Rue du manoir (Centre Comercial);1244VE;1566434,856;2265172,168;1,34632473;43,57482351
TOURNEFEUILLE;31557;Chemin de Larramet (Parking Lac de pêche);1243VE;1565918,063;2264124,851;1,34018411;43,56530680
TOURNEFEUILLE;31557;Chemin de Larramet;1242VE;1566621,011;2263588,655;1,34901417;43,56060614
TOURNEFEUILLE;31557;Chemin du Grillou;1203VE;1567301,991;2263617,633;1,35743428;43,56098706
CORNEBARRIEU;31150;ZAC MANDILLET;COR VE 0001;1563425,388;2274700,898;1,30669674;43,66003276
TOULOUSE;31555;RUE OZENNE RUE VELANE;48;1574672,375;2267354,606;1,44779061;43,59587840
TOULOUSE;31555;10 AVENUE PAUL SEJOURNE;255;1573125,896;2268541,401;1,42836663;43,60629990
TOULOUSE;31555;10 AVENUE BOURGES MOUNOURY;256;1574930,490;2271381,805;1,45006658;43,63216303
TOULOUSE;31555;PLACE JEAN BORIES, RUE DU FAUBOURG BONNEFOY;257;1575409,526;2269878,891;1,45634392;43,61871737
TOULOUSE;31555;58 CHEMIN VIREBENT;259;1576188,390;2273232,249;1,46523281;43,64902334
TOULOUSE;31555;22 RUE ANDRE VASSEUR;347;1576714,098;2271675,253;1,47209903;43,63509788
TOULOUSE;31555;223 CHEMIN DE GABARDIE;348;1577683,399;2272557,913;1,48391171;43,64319918
TOULOUSE;31555;RUE NIEPCE, RUE DAGUERRE;349;1578061,836;2271671,730;1,48879892;43,63528558
TOULOUSE;31555;RUE DUBEZI, CHEMIN CASSAING;350;1576905,931;2269689,546;1,47492262;43,61725939
TOULOUSE;31555;RUE DE LA COTE D'OR, ROUTE D'AGDE;351;1576433,996;2270089,555;1,46898655;43,62078191
TOULOUSE;31555;100 ALLEES YVES BRUNAUD;352;1576398,285;2269956,124;1,46857431;43,61957528
TOULOUSE;31555;RUE DES AGUDES, CHEMIN DES ARGOULETS;354;1576801,905;2270077,689;1,47354671;43,62073538
TOULOUSE;31555;16 BOULEVARD DE LA GARE;353;1575453,002;2268039,595;1,45730088;43,60217224
TOULOUSE;31555;GRAND ROND, ALLEES DES SOUPIRS;478;1575163,982;2267261,254;1,45389917;43,59511990
TOULOUSE;31555;11 PLACE LAFOURCADE;479;1574384,233;2266955,792;1,44431418;43,59224139
TOULOUSE;31555;157 CHEMIN DE LA SALADE PONSAN;480;1574817,587;2264581,352;1,45022223;43,57094509
TOULOUSE;31555;54 CHEMIN DE LA SALADE PONSAN;481;1575210,052;2263770,032;1,45526458;43,56370876
TOULOUSE;31555;RUE GOSCINNY, RUE LAUTH;482;1575437,534;2262292,842;1,45841539;43,55045249
TOULOUSE;31555;BOULEVARD DELTOUR, CHEMIN LAFILLAIRE;582;1576740,047;2267359,098;1,47339247;43,59625984
TOULOUSE;31555;ALLEES DE LIMAYRAC, RUE DARASSE;583;1577274,681;2266801,995;1,48013743;43,59133352
TOULOUSE;31555;59 AVENUE JEAN RIEUX;584;1575862,257;2267372,883;1,46252010;43,59623982
TOULOUSE;31555;86 AVENUE DE CASTRES;585;1577059,580;2267796,434;1,47725094;43,60024777
TOULOUSE;31555;3 ALLEES CHARLES DE FITTE;676;1573536,646;2267097,576;1,43378694;43,59337560
TOULOUSE;31555;ALLEES MAURICE SARRAULT ANGLE PLACE DE LA PATTE D'OIE;677;1572667,211;2267414,816;1,42294801;43,59608413
TOULOUSE;31555;61 AVENUE DE LOMBEZ;678;1572010,258;2267282,193;1,41484438;43,59477935
TOULOUSE;31555;326 ROUTE DE SEYSSES;680;1572565,242;2265319,174;1,42217281;43,57720764
TOULOUSE;31555;RUE DU CIMETIERE, RUE DE CHERBOURG;681;1573163,905;2266985,968;1,42919757;43,59230858
TOULOUSE;31555;RUE WEBER RUE ALBERT CAROVIS;796;1569568,973;2262425,593;1,38577202;43,55065508
TOULOUSE;31555;RUE DHUODA, RUE LOPEZ TOVAR;797;1569774,799;2262497,197;1,38830172;43,55133503
TOULOUSE;31555;8 IMPASSE SIMONE DE BEAUVOIR;258;1573430,593;2274106,422;1,43085269;43,65643159
TOULOUSE;31555;CITE DE LA GLOIRE, RUE CASTILHON;355;1576525,433;2268709,301;1,47043057;43,60837562
TOULOUSE;31555;24 BOULEVARD RIQUET;47;1575346,295;2268491,838;1,45587651;43,60622446
TOULOUSE;31555;87 CHEMIN DES TUILERIES;586;1579928,142;2264969,527;1,51339318;43,57526969
AUCAMVILLE;31022;Chemin Andre Salvy / Chemin Laurent;AUC117;1573230,137;2274364,541;1,42830824;43,65872068
AUCAMVILLE;31022;Chemin de Bellegarrigues;AUC112;1572919,614;2274789,378;1,42436051;43,66249146
AUCAMVILLE;31022;Rue Jean Jaures;AUC113;1573406,429;2275297,018;1,43027740;43,66714175
AUCAMVILLE;31022;Chemin des Bourdettes;AUC103;1573499,188;2275418,617;1,43139917;43,66825161
AUCAMVILLE;31022;Parking Chateau d'eau;AUC104;1573250,268;2275365,609;1,42832560;43,66773272
AUCAMVILLE;31022;Parking Chateau d'eau;AUC108;1573215,276;2275347,370;1,42789603;43,66756269
AUCAMVILLE;31022;Parking Chateau d'eau;AUC105;1573238,096;2275344,533;1,42817959;43,66754100
AUCAMVILLE;31022;Rue jules Ferry;AUC101;1573797,388;2275650,433;1,43504243;43,67038778
AUCAMVILLE;31022;Rue des Chenes;AUC102;1573543,310;2276147,875;1,43177737;43,67482163
AUCAMVILLE;31022;Chemin des bourdettes;AUC116;1573381,067;2275932,062;1,42981584;43,67285225
AUCAMVILLE;31022;Parking collège;AUC107;1572941,787;2276178,487;1,42431235;43,67499580
AUCAMVILLE;31022;Chemin des carrieres;AUC111;1572531,588;2276333,077;1,41919048;43,67631760
AUCAMVILLE;31022;Chemin Azas;AUC115;1572655,567;2275482,068;1,42092600;43,66868037
AUCAMVILLE;31022;Rue Clement Ader;AUC110;1571962,208;2275734,615;1,41227120;43,67083542
BALMA;31044;Rue Saint Jean;BAL209;1577599,378;2270787,743;1,48326660;43,62725535
BALMA;31044;Rue Renault;BAL238;1577934,577;2271034,168;1,48736437;43,62952739
BALMA;31044;Rue Le Corbusier (Chalet des Moissons);BAL237;1578754,975;2271520,896;1,49742070;43,63404009
BALMA;31044;Parking des Feuillantines;BAL227;1579197,316;2271429,061;1,50292171;43,63328472
BALMA;31044;Avenue Georges Clémenceau (Les Anciens Paradoux);BAL203;1579547,821;2270088,262;1,50755968;43,62127459
BALMA;31044;Avenue Georges Clémenceau (Les Anciens Paradoux);BAL204;1579521,801;2270088,262;1,50723735;43,62127043
BALMA;31044;Avenue du Bicentenaire;BAL223;1578510,080;2269566,331;1,49482033;43,61641092
BALMA;31044;Avenue du Bicentenaire;BAL239;1578482,529;2269529,596;1,49448723;43,61607590
BALMA;31044;Avenue des Arenes (Intermarché);BAL221;1577908,558;2269287,763;1,48743161;43,61380677
BALMA;31044;Avenue des Arenes (Intermarché);BAL240;1577908,558;2269260,212;1,48743776;43,61355883
BALMA;31044;Chemin Sironis;BAL207;1579511,087;2269163,785;1,50730813;43,61294903
BALMA;31044;Rue des Pins;BAL224;1579616,698;2269428,577;1,50855800;43,61534887
BALMA;31044;Avenue Poincaré (Lotissement La Coste);BAL201;1580655,970;2269528,066;1,52140929;43,61640955
BALMA;31044;Avenue de la Linasse (ZAC du Cyprié);BAL206;1580518,217;2268866,850;1,51984730;43,61043719
BALMA;31044;Route de Mons (ZAC du Cyprié);BAL241;1580112,609;2268710,730;1,51485783;43,60896777
BALMA;31044;Boulevard As Cambiats;BAL208;1579208,030;2268689,302;1,50365916;43,60863046
BALMA;31044;Avenue des Arenes (Rd-point des Aerostiers);BAL205;1578079,984;2268784,198;1,48966706;43,60930278
BALMA;31044;Place du Marché;BAL220;1578523,856;2268767,362;1,49516827;43,60922296
BALMA;31044;Route de Mons  (Ecole);BAL217;1578751,914;2268762,770;1,49799383;43,60921837
BALMA;31044;Rue Lamark (Parking);BAL226;1578516,203;2268536,242;1,49512476;43,60714180
BALMA;31044;Boulevard As Cambiots (Parking Piscine);BAL216;1579076,399;2268424,509;1,50208738;43,60622638
BALMA;31044;Chemin des Mourlingues;BAL202;1579883,021;2268239,308;1,51211774;43,60468870
BALMA;31044;Avenue du Calvel;BAL210;1579428,435;2268011,249;1,50653821;43,60256371
BALMA;31044;Avenue du Calvel;BAL211;1579429,966;2268034,208;1,50655211;43,60277057
BALMA;31044;Boulevard As Cambiots;BAL233;1579191,194;2268695,424;1,50344929;43,60868286
BALMA;31044;Rue Lamark (Parking);BAL230;1578536,100;2268525,528;1,49537356;43,60704859
BALMA;31044;Avenue des Arenes (Rd-point des Aerostiers);BAL219;1578099,881;2268791,851;1,48991180;43,60937488
BALMA;31044;Avenue de la Plaine (face Place des Paveurs);BAL214;1578415,184;2268006,658;1,49399125;43,60235959
BALMA;31044;Avenue de la Plaine (face Place des Paveurs);BAL215;1578432,020;2267988,290;1,49420383;43,60219701
BALMA;31044;Rue Georges Bernanos (Lycée Saliège);BAL212;1578586,609;2268269,919;1,49605579;43,60475641
BALMA;31044;Avenue de la Plaine (n 85);BAL213;1578972,318;2267556,664;1,50099017;43,59839960
BALMA;31044;Avenue Charles de Gaulle (Courtepaille);BAL242;1578673,853;2267302,585;1,49735055;43,59606506
BALMA;31044;Route de Flourens Rue Van;BAL229;1579648,840;2267418,910;1,50939786;43,59726825
BALMA;31044;Rue Cezanne (Cité Noncesse);BAL225;1579399,354;2267161,771;1,50636513;43,59491426
BALMA;31044;Avenue Jean René Lagasse;BAL1207;1579065,685;2266264,844;1,50243153;43,58678898
CASTELGINEST;31116;Rue du Maréchal De Lattre de Tassigny;CAS301;1574669,248;2278297,160;1,44524400;43,69435135
CASTELGINEST;31116;Angle rue des Graves rue Jean Dumons;CAS302;1574458,997;2277894,396;1,44272899;43,69069185
CASTELGINEST;31116;Chemin Buffebiau (Intermarché);CAS319;1574766,522;2277297,684;1,44667966;43,68537329
CASTELGINEST;31116;Chemin Buffebiau (Intermarché);CAS320;1574787,397;2277306,570;1,44693648;43,68545673
CASTELGINEST;31116;Place de Mirande;CAS323;1574260,758;2277406,504;1,44038285;43,68626822
CASTELGINEST;31116;Place de Mirande;CAS305;1574274,982;2277373,827;1,44056676;43,68597654
CASTELGINEST;31116;Place des Buissonnets;CAS317;1574087,702;2277725,362;1,43816331;43,68910868
CASTELGINEST;31116;Rue des Vignes;CAS317;1574113,896;2278191,959;1,43838057;43,69331195
CASTELGINEST;31116;Rue des Vignes;CAS321;1574088,664;2278204,818;1,43806468;43,69342344
CASTELGINEST;31116;Rue des Vignes;CAS318;1574118,634;2278219,966;1,43843288;43,69356478
CASTELGINEST;31116;Salle Polyvalente;CAS322;1573728,721;2278454,548;1,43354285;43,69561043
CASTELGINEST;31116;Rue de la Barthe;CAS314;1573704,500;2278953,195;1,43312708;43,70009365
CASTELGINEST;31116;Place Bertrand;CAS307;1573494,956;2278642,698;1,43059995;43,69726432
CASTELGINEST;31116;Rue de l'Arénal;CAS310;1573179,902;2277903,304;1,42686410;43,69055753
CASTELGINEST;31116;Place de la Mairie;CAS306;1573263,665;2278209,337;1,42783186;43,69332561
CASTELGINEST;31116;Rue de l'Arénal;CAS316;1573180,061;2277924,110;1,42686125;43,69074479
CASTELGINEST;31116;Rue du Docteur Matéo (Parking);CAS312;1572896,533;2278465,454;1,42321902;43,69556846
FENOUILLET;31182;Avenue des Sports (Centre Commercial);FEN501;1571300,640;2277743,116;1,40359619;43,68879695
FENOUILLET;31182;Avenue des Sports Rue du Languedoc;FEN502;1570731,683;2276726,761;1,39678103;43,67955336
FENOUILLET;31182;Allées du Chateau d'eau;FEN503;1570508,285;2276798,178;1,39399414;43,68015763
FENOUILLET;31182;Rue des Jardins;FEN504;1570664,610;2276295,698;1,39605144;43,67566273
FENOUILLET;31182;Angle Bd mu Maréchal Juin Avenue des sports;FEN509;1570726,330;2276802,439;1,39669675;43,68023346
FENOUILLET;31182;Rue de l'Eglise (Salle des Fêtes);FEN505;1570177,147;2276744,358;1,38990104;43,67961626
FENOUILLET;31182;Rue des Ormeaux;FEN513;1570037,709;2277128,062;1,38808081;43,68304510
FENOUILLET;31182;Rue du Clos Saint Antonin;FEN517;1570223,786;2277218,587;1,39036665;43,68389184
FENOUILLET;31182;Eglise (rue de l'Egilse);FEN508;1569815,840;2277205,399;1,38531122;43,68370270
FENOUILLET;31182;Avenue de l'Occitanie;FEN514;1570969,019;2277313,726;1,39958516;43,68487613
FENOUILLET;31182;Rue du 19 mars;FEN510;1571091,810;2276692,856;1,40125435;43,67931002
FENOUILLET;31182;Rue du Bosc Giratoire Avenue des sports;FEN518;1571007,856;2277156,222;1,40010396;43,68346542
FENOUILLET;31182;Rue de l'Eglise (Salle des Fêtes);FEN516;1570172,472;2276777,003;1,38983531;43,67990922
FENOUILLET;31182;Rue de l'Eglise (Salle des Fêtes);FEN505;1570201,099;2276763,725;1,39019342;43,67979467
FENOUILLET;31182;Impasse des Colchiques RN20;BEL;1571667,702;2276269,318;1,40849446;43,67559703
FONBEAUZARD;31186;Supermarché Rue des Rosiers;FON601;1573001,571;2276408,571;1,42500009;43,67707642
FONBEAUZARD;31186;Supermarché Rue des Rosiers;FON609;1573007,625;2276393,429;1,42507867;43,67694117
FONBEAUZARD;31186;Supermarché Rue des Rosiers;FON610;1572996,306;2276423,839;1,42493126;43,67721292
FONBEAUZARD;31186;Supermarché Rue des Rosiers;FON611;1573016,188;2276380,367;1,42518788;43,67682507
FONBEAUZARD;31186;Rue des Violettes;FON604;1573295,911;2276559,672;1,42861452;43,67848578
FONBEAUZARD;31186;Rue des Troënes;FON603;1573718,980;2276352,999;1,43390798;43,67669703
FONBEAUZARD;31186;Rue Jean Mermoz;FON612;1573901,782;2276979,680;1,43602984;43,68236717
FONBEAUZARD;31186;Rue Jean Mermoz;FON605;1573919,445;2276961,744;1,43625299;43,68220873
FONBEAUZARD;31186;Route de Fonbeauzard Super U;FON606;1574905,344;2276867,722;1,44849961;43,68152714
FONBEAUZARD;31186;Route de Fonbeauzard Super U;FON607;1574907,653;2276837,190;1,44853523;43,68125277
FONBEAUZARD;31186;Route de Fonbeauzard Super U;FON608;1574910,666;2276806,126;1,44857970;43,68097373
LAUNAGUET;31262;Allées des Sablettes (laboratoire de l'eau);LAU801;1574839,783;2273964,939;1,44835155;43,65539394
LAUNAGUET;31262;Allées des Sablettes (laboratoire de l'eau);LAU804;1574859,886;2273950,345;1,44860406;43,65526595
LAUNAGUET;31262;Rond point des Virebents;LAU802;1575311,384;2274455,155;1,45408498;43,65988369
LAUNAGUET;31262;Rond point des Virebents;LAU803;1575331,488;2274440,561;1,45433750;43,65975569
LAUNAGUET;31262;Chemin de Boudou Chapelle Pesquies;LAU808;1574599,983;2274704,727;1,44520964;43,66201145
LAUNAGUET;31262;Chemin de Boudou Chapelle Pesquies;LAU813;1574620,087;2274690,133;1,44546218;43,66188347
LAUNAGUET;31262;Place Fourcade;LAU805;1575296,723;2276031,826;1,45354346;43,67406984
LAUNAGUET;31262;Place Fourcade;LAU807;1575316,827;2276017,232;1,45379603;43,67394184
LAUNAGUET;31262;Rue Fignac (face espace F. Miterrand);LAU809;1575318,738;2276266,417;1,45376286;43,67618458
LAUNAGUET;31262;Rue Fignac (face espace F. Miterrand);LAU814;1575338,841;2276251,823;1,45401544;43,67605658
LAUNAGUET;31262;Chemin de Bordelongue;LAU812;1574602,686;2274410,555;1,44531063;43,65936463
LAUNAGUET;31262;Rue Simone Signoret;LAU806;1575861,662;2276104,592;1,46053120;43,67481805
LAUNAGUET;31262;Impasse Georges Brassens;LAU811;1575908,757;2276277,144;1,46107592;43,67637862
SAINT ALBAN;31467;Allée Jean Moulin (Lotissement Palombe Colombe);STA001;1571728,898;2277676,256;1,40892279;43,68826840
SAINT ALBAN;31467;Allée Jean Moulin (Lotissement Palombe Colombe);STA012;1571719,663;2277683,931;1,40880646;43,68833590
SAINT ALBAN;31467;Rue Saint Exupery;STA006;1571491,345;2278653,153;1,40574695;43,69701886
SAINT ALBAN;31467;Place des Bleuets;STA004;1571812,580;2279059,438;1,40963578;43,70072977
SAINT ALBAN;31467;Rue des Acacias;STA002;1571969,045;2278527,184;1,41170133;43,69596672
SAINT ALBAN;31467;Angle rue des Lilas Rue des fleurs;STA003;1572104,067;2278284,492;1,41343282;43,69380572
SAINT ALBAN;31467;Place Vincent Auriol;STA010;1572090,229;2278022,240;1,41332263;43,69144339
SAINT ALBAN;31467;Rue de l'Egalité (Cimetière);STA011;1572713,506;2277763,130;1,42111275;43,68921737
SAINT ALBAN;31467;Rue Amiel (Centre Commercial);STA009;1572821,443;2277845,108;1,42243221;43,68997333
SAINT ALBAN;31467;Rue Pierre de Coubertin (Parking tennis);STA005;1573104,345;2277052,908;1,42612468;43,68289212
SAINT ALBAN;31467;Rue des Troënes;STA013;1572310,585;2277116,874;1,41626712;43,68333349
SAINT ALBAN;31467;Rue Louis Viguié;STA008;1572249,338;2277283,799;1,41546860;43,68482525
SAINT ALBAN;31467;Avenue du Sers;STA007;1571976,332;2276941,363;1,41216349;43,68169730
SAINT ALBAN;31467;Impasse Rouquette (Déchèterie);STA014;1571017,224;2280019,276;1,39954368;43,70923126
SAINT ALBAN;31467;Impasse Rouquette (Déchèterie);STA015;1571020,503;2280006,155;1,39958747;43,70911374
GAGNAC SUR GARONNE;31205;Chemin de Catcharry;GAG402;1568734,276;2278925,932;1,37148618;43,69899761
GAGNAC SUR GARONNE;31205;Chemin de Catcharry;GAG405;1568729,310;2278888,528;1,37143359;43,69866015
GAGNAC SUR GARONNE;31205;Route de Lespinasse;GAG407;1568591,631;2279245,282;1,36964006;43,70184647
GAGNAC SUR GARONNE;31205;Rue des Pêchers;GAG408;1569070,062;2279382,027;1,37554159;43,70316042
GAGNAC SUR GARONNE;31205;Place du 19 Mars 1952;GAG401;1568602,860;2280101,685;1,36957316;43,70955500
L'UNION;31561;Avenue Hermès (parking restaurant);UNI039;1578945,536;2272125,387;1,49964802;43,63951071
L'UNION;31561;Impasse de la Seillonne (Déchèterie);UNI026;1579071,860;2272498,647;1,50113082;43,64289007
L'UNION;31561;Impasse de la Seillonne (Déchèterie);UNI027;1579079,103;2272515,524;1,50121686;43,64304311
L'UNION;31561;Chemin des Champs d'Esquis;UNI013;1578683,996;2273172,618;1,49617487;43,64889291
L'UNION;31561;Chemin des Champs d'Esquis;UNI015;1578692,267;2273183,085;1,49627505;43,64898843
L'UNION;31561;Impasse de la Seillonne (Déchèterie);UNI025;1579094,385;2272524,767;1,50140419;43,64312875
L'UNION;31561;Avenue des Pyrénées (Parking Boulodrome);UNI024;1578797,974;2273540,308;1,49750593;43,65222018
L'UNION;31561;Rue du Puy de Sancy (Piscine);UNI014;1578516,486;2273604,485;1,49400291;43,65275235
L'UNION;31561;Rue du Puy de Sancy (Piscine);UNI006;1578510,565;2273595,170;1,49393160;43,65266757
L'UNION;31561;Rue du Lac d'Oo (Centre Commercial);UNI017;1577791,811;2273702,488;1,48499936;43,65351704
L'UNION;31561;Rue du Lac d'Oo (Centre Commercial);UNI031;1577785,890;2273693,173;1,48492805;43,65343225
L'UNION;31561;Avenue Saint Jean Pied de Port (Centre Commercial);UNI029;1577739,241;2273255,933;1,48444765;43,64948987
L'UNION;31561;Avenue Saint Jean Pied de Port (Centre Commercial);UNI032;1577733,320;2273246,618;1,48437635;43,64940508
L'UNION;31561;Avenue Saint Jean Pied de Port (Centre Commercial);UNI033;1577727,398;2273237,303;1,48430504;43,64932029
L'UNION;31561;;UNI035;1577869,009;2273242,065;1,48605902;43,64938613
L'UNION;31561;Allées de Roncevaux;UNI021;1577360,998;2273519,175;1,47970090;43,65179732
L'UNION;31561;Avenue de Toulouse (Centre Commercial);UNI011;1577419,066;2273996,110;1,48031365;43,65609880
L'UNION;31561;Avenue de Toulouse (Centre Commercial);UNI012;1577409,666;2273990,917;1,48019830;43,65605054
L'UNION;31561;Rue des Vents d'Auitan;UNI004;1577929,688;2274363,679;1,48656058;43,65948957
L'UNION;31561;Chemin du Merle (Cimetière);UNI005;1577632,593;2274528,599;1,48284104;43,66092548
L'UNION;31561;Chemin du Merle (Cimetière);UNI030;1577619,633;2274516,998;1,48268299;43,66081898
L'UNION;31561;Chemin du Sablet;UNI002;1577335,583;2274628,581;1,47913696;43,66177690
L'UNION;31561;Chemin Malbou (angle Rue du Geai);UNI001;1577001,976;2275219,682;1,47486859;43,66704186
L'UNION;31561;Chemin Malbou angle Rue du Goéland Argenté;UNI003;1577531,710;2275028,403;1,48147853;43,66540688
L'UNION;31561;Allées des Nymphéas;UNI038;1577151,313;2273944,345;1,47700656;43,65558931
L'UNION;31561;Rue des Pins (Centre Commercial);UNI009;1576844,720;2274243,894;1,47313898;43,65823491
L'UNION;31561;Rue des Pins (Centre Commercial);UNI008;1576824,759;2274234,686;1,47289364;43,65814879
L'UNION;31561;Rue des Pins (Centre Commercial);UNI010;1576809,496;2274227,783;1,47270600;43,65808417
L'UNION;31561;Route de Bessières;UNI007;1576629,540;2274410,524;1,47043419;43,65969921
L'UNION;31561;Route de Bessière (Parking Le Pneu);UNI040;1576677,358;2273323,178;1,47127220;43,64992186
L'UNION;31561;Route de Bessières (Face Intermarché);UNI016;1576611,506;2273889,989;1,47032815;43,65501189
L'UNION;31561;Avenue de Bayonne (Parking Jardinerie);UNI019;1576781,019;2273261,539;1,47257081;43,64938413
L'UNION;31561;Avenue de Bayonne (Parking Jardinerie);UNI020;1576799,631;2273247,356;1,47280467;43,64925954
L'UNION;31561;Avenue de Saint Caprais (Zone Hotelière);UNI023;1576777,158;2272758,448;1,47263633;43,64485609
SAINT-ORENS;31506;Parking Centre Commercial 1;STO002;1580347,937;2263781,076;1,51884897;43,56464095
SAINT-ORENS;31506;Parking Centre Commercial 1;STO001;1580353,195;2263803,909;1,51890907;43,56484727
SAINT-ORENS;31506;Parking Centre Commercial 2;STO003;1580025,185;2264113,949;1,51478168;43,56758536
SAINT-ORENS;31506;Parking Centre Commercial 2;STO004;1580030,443;2264136,782;1,51484176;43,56779168
SAINT-ORENS;31506;Avenue des Amethystes;STO005;1580441,558;2262817,773;1,52021767;43,55598651
SAINT-ORENS;31506;Place Jean Bellières;STO006;1581205,939;2262574,269;1,52972927;43,55391588
SAINT-ORENS;31506;Rue des Sports;STO007;1582169,020;2262556,696;1,54165034;43,55390882
SAINT-ORENS;31506;Centre Commercial Les Arcades;STO008;1581717,772;2262042,979;1,53617732;43,54921492
SAINT-ORENS;31506;Rue des Lauriers;STO009;1582361,429;2261220,948;1,54431768;43,54191762
BRUGUIERES;31091;Rue de la Briqueterie;BRU204;1571774,570;2282502,925;1,40835500;43,73171058
BRUGUIERES;31091;Rue de la Briqueterie;BRU203;1571758,559;2282505,052;1,40815580;43,73172698
BRUGUIERES;31091;Rue de la Briqueterie;BRU217;1571790,505;2282490,783;1,40855561;43,73160403
BRUGUIERES;31091;Avenue du Gamouna;BRU213;1571304,836;2282251,084;1,40258508;43,72936409
BRUGUIERES;31091;Avenue du Gamouna;BRU219;1571312,727;2282234,996;1,40268680;43,72922066
BRUGUIERES;31091;Avenue du Bruguet (Parking SuperU);BRU214;1572311,242;2281336,268;1,41528819;43,72130340
BRUGUIERES;31091;Avenue du Bruguet (Parking SuperU);BRU207;1572318,485;2281322,729;1,41538122;43,72118279
BRUGUIERES;31091;Avenue du Bruguet (Parking SuperU);BRU215;1572302,473;2281322,867;1,41518253;43,72118131
BRUGUIERES;31091;Avenue du Bruguet (Parking SuperU);BRU216;1572303,321;2281304,852;1,41519727;43,72101935
BRUGUIERES;31091;Avenue du Bruguet (Parking SuperU);BRU206;1572320,349;2281304,683;1,41540859;43,72102072
BRUGUIERES;31091;Rue de des Noisetiers;BRU202;1571972,500;2281477,278;1,41105205;43,72251473
BRUGUIERES;31091;Rue de Verdun;BRU212;1572727,278;2281487,796;1,42041493;43,72273748
BRUGUIERES;31091;Chemin des Eglantines (Boulodrome);BRU2;1572317,083;2281984,637;1,41520889;43,72713893
BRUGUIERES;31091;Parc de Xéraco (Salle des fêtes);BRU210;1572226,931;2282087,812;1,41406602;43,72805207
GRATENTOUR;31230;Rue du Coustela;GRA505;1574104,110;2281170,759;1,43757203;43,72011625
GRATENTOUR;31230;Rue du Coustela;GRA511;1574256,367;2281778,789;1,43932102;43,72561328
GRATENTOUR;31230;Chemin Maurys (Stade);GRA506;1574110,120;2281173,764;1,43764591;43,72014429
GRATENTOUR;31230;Chemin Maurys (Stade);GRA508;1574259,372;2281784,799;1,43935692;43,72566787
GRATENTOUR;31230;Chemin Maurys (Salle des fêtes);GRA504;1573848,677;2281565,427;1,43431145;43,72362500
GRATENTOUR;31230;Chemin Maurys (Salle des fêtes);GRA509;1573843,668;2281570,436;1,43424814;43,72366924
GRATENTOUR;31230;Chemin Maurys (Salle des fêtes);GRA510;1573852,684;2281572,439;1,43435955;43,72368878
GRATENTOUR;31230;ZAC de la Gravette (Parking Intermarché);GRA501;1572500,497;2280461,630;1,41784084;43,71346479
GRATENTOUR;31230;ZAC de la Gravette (Parking Intermarché);GRA502;1572495,046;2280442,837;1,41777760;43,71329475
GRATENTOUR;31230;ZAC de la Gravette (Parking Intermarché);GRA512;1572478,356;2280450,539;1,41756875;43,71336123
GRATENTOUR;31230;ZAC de la Gravette (Parking Intermarché);GRA513;1572484,775;2280464,661;1,41764508;43,71348940
LESPINASSE;31293;Rue des Lacs;LES707;1570418,241;2280530,953;1,39199163;43,71373279
LESPINASSE;31293;Rue des Lacs;LES708;1570420,809;2280523,250;1,39202532;43,71366392
LESPINASSE;31293;Rue des Lacs;LES7;1570427,870;2280527,743;1,39211185;43,71370557
LESPINASSE;31293;Place du Boulodrome;LES701;1570296,927;2280076,502;1,39059460;43,70962238
LESPINASSE;31293;Groupe Scolaire;LES703;1569975,025;2279674,686;1,38669704;43,70595095
LESPINASSE;31293;Groupe Scolaire;LES709;1569972,136;2279681,105;1,38665967;43,70600821
LESPINASSE;31293;Groupe Scolaire;LES7;1569978,875;2279680,463;1,38674343;43,70600360
LESPINASSE;31293;Chemin de Peyrailles;LES704;1569503,564;2281136,886;1,38049907;43,71902732
LESPINASSE;31293;Allée des Tilleuls;LES705;1569620,386;2279985,355;1,38222368;43,70868522
SAINT JORY;31490;Chemin de la Plaine;SJO401;1568917,681;2283934,720;1,37255734;43,74410226
SAINT JORY;31490;Chemin de la Plaine;SJO402;1568925,892;2283925,414;1,37266149;43,74401994
SAINT JORY;31490;Rue Pichounelle;SJO404;1568276,631;2285346,563;1,36425918;43,75669482
SAINT JORY;31490;Chemin du Tucol;SJO413;1568751,807;2285066,275;1,37022594;43,75425574
SAINT JORY;31490;Chemin Segusino;SJO408;1569122,066;2284408,388;1,37498049;43,74840022
SAINT JORY;31490;Chemin de Trinchet;SJO405;1569956,621;2283115,823;1,38564838;43,73691368
SAINT JORY;31490;Place du Chateau;SJO414;1568770,068;2283951,521;1,37072108;43,74422770
SAINT JORY;31490;Rue Saint Exupéry;SJO409;1568893,088;2283698,687;1,37230885;43,74197399
SAINT JORY;31490;Chemin de Canou;SJO407;1568622,582;2283432,259;1,36901557;43,73952928
SAINT JORY;31490;Chemin de Canou;SJO4;1568622,582;2283432,259;1,36901557;43,73952928
SAINT JORY;31490;Chemin Allegré;SJO406;1568118,272;2281886,705;1,36313020;43,72553308
SAINT JORY;31490;Chemin de Beldou;SJO403;1567268,498;2282971,115;1,35232187;43,73514182
SAINT JORY;31490;Chemin de Beldou;SJO410;1567264,009;2282936,695;1,35227452;43,73483129
SAINT JORY;31490;Les Berges du Canal;SJO415;1568303,924;2283923,643;1,36494188;43,74389532
TOURNEFEUILLE;31557;Boulevard Vincent Auriol (Centre Comercial);1201VE;1567040,895;2266662,537;1,35346458;43,58834269
TOURNEFEUILLE;31557;Boulevard Vincent Auriol (Centre Comercial);1215VE;1567047,587;2266643,907;1,35355196;43,58817621
TOURNEFEUILLE;31557;Place de la Mairie (Foyer Panousse);1205VE;1566386,896;2266073,102;1,34551143;43,58292264
TOURNEFEUILLE;31557;Impasse du Chateau (Boulodrome);1206VE;1566476,310;2265883,921;1,34666443;43,58123602
TOURNEFEUILLE;31557;Rue Bertrand Panouse (Supermarché);1220VE;1566237,246;2266018,512;1,34367217;43,58240484
TOURNEFEUILLE;31557;Chemin du Ramelet Moundi (Restaurant L'art de vivre);1208VE;1566964,791;2265532,619;1,35279670;43,57816097
TOURNEFEUILLE;31557;Boulevard du Général de Gaulle (Parking Ecole);1249VE;1564714,671;2265948,184;1,32484110;43,58150024
TOURNEFEUILLE;31557;Boulevard Jean Gay (Supermarché);1209VE;1564264,398;2265296,230;1,31942859;43,57555230
TOURNEFEUILLE;31557;Boulevard Jean Gay (Supermarché);1210VE;1564277,022;2265285,901;1,31958740;43,57546162
TOURNEFEUILLE;31557;Rue de Cézanne (Cimetière);1212VE;1564185,465;2267368,027;1,31793802;43,59418231
TOURNEFEUILLE;31557;Rue des Blés;1233VE;1567788,141;2266084,057;1,36285554;43,58326830
COLOMIERS;31149;PLACE DE LA GARE;333VE;1565542,658;2268520,340;1,33445953;43,60479540
COLOMIERS;31149;Decheterie;368VE;1562709,698;2267445,687;1,29964617;43,59461379
COLOMIERS;31149;Decheterie;369VE;1562714,551;2267455,392;1,29970382;43,59470202
COLOMIERS;31149;Centre de Transfert;380VE;1562723,044;2267435,981;1,29981385;43,59452888
COLOMIERS;31149;Centre de Transfert;381VE;1562725,470;2267423,848;1,29984693;43,59442014
COLOMIERS;31149;Centre de Transfert;382VE;1562735,176;2267431,128;1,29996527;43,59448742
CORNEBARRIEU;31150;DECHETERIE;412VE;1565138,659;2274526,348;1,32797594;43,65877086
CORNEBARRIEU;31150;DECHETERIE;411VE;1565130,910;2274580,590;1,32786651;43,65925759
AUSSONNE;31032;ROUTE DE CORNEBARRIEU;108VE;1564690,604;2276547,109;1,32192200;43,67687489
TOURNEFEUILLE;31557;Lotissement la Reine des Prés;1232VE;1566844,845;2265981,959;1,35120276;43,58218347
BLAGNAC;31069;PLACE DE LA SOURCE;2;1569787,270;2270390,419;1,38658011;43,62236988
BLAGNAC;31069;PLACE DE LA SOURCE;2;1569595,501;2270440,719;1,38419257;43,62278936
BLAGNAC;31069;PLACE DE LA SOURCE;2;1570019,908;2270561,753;1,38942125;43,62395191
BLAGNAC;31069;PLACE DE LA SOURCE;2;1569986,899;2270703,222;1,38897872;43,62521931
BLAGNAC;31069;PLACE DE LA SOURCE;2;1570316,993;2270604,194;1,39309146;43,62438504
BLAGNAC;31069;PLACE DE LA SOURCE;2;1569259,119;2271122,913;1,37986259;43,62887017
BLAGNAC;31069;;4;1569743,257;2271768,955;1,38570672;43,63476781
BLAGNAC;31069;;4;1568859,862;2272369,412;1,37461742;43,64001803
BLAGNAC;31069;;4;1568345,859;2272600,478;1,36819272;43,64200771
BLAGNAC;31069;;4;1569240,257;2272231,087;1,37936403;43,63883939
BLAGNAC;31069;;4;1570436,455;2272322,256;1,39416448;43,63986656
TOULOUSE;31555;CAMPING MUNICIPAL;254;1572272,062;2274103,908;1,41649374;43,65621331
TOULOUSE;31555;10 RUE JEAN COCTEAU;799;1569252,193;2266421,839;1,38089940;43,58656343
TOULOUSE;31555;118 ROUTE DE NARBONNE;483;1575811,162;2263494,137;1,46276636;43,56132510
TOULOUSE;31555;RUE DU LANGUEDOC RUE DES REGANS;29;1574498,160;2267419,287;1,44561859;43,59643150
TOULOUSE;31555;ANGLE RUE BAYARD/ BD DE STRASBOURG;8;1574826,109;2268869,827;1,44934784;43,60953985
TOULOUSE;31555;Boulevard LECLERC Angle Bld LASCROSSES (Pizzeria);261;1573487,589;2268902,838;1,43276248;43,60961337
TOULOUSE;31555;23 IMPASSE MAUBEC;682;1570616,238;2268521,659;1,39729076;43,60569549
TOULOUSE;31555;PLACE SAINT PIERRE FACE CHEZ TONTON;50;1573691,835;2268249,718;1,43544276;43,60377006
MONTRABE;31561;SUPER U;MOT1011VE;1581924,025;2272582,457;1,53645725;43,64409690
TOULOUSE;31555;6 AVENUE HUBERT CURIEN;800;1573147,722;2263111,025;1,42989400;43,55743397
TOULOUSE;31555;PLACE INTERIEURE SAINT CYPRIEN;683;1573332,041;2267589,480;1,43113981;43,59776801
TOULOUSE;31555;FACE RUE MERCIE;53;1574506,450;2267981,311;1,44559246;43,60149069
TOULOUSE;31555;FACE RUE LIEUTENANT COLONEL PELISSIER;54;1574513,220;2268201,770;1,44562578;43,60347579
